it,value_loss,grad_norm,grad_norm_finite,std_min,std_max,std_nonfinite,param_nonfinite_before,param_nonfinite_after
1,,0.9999992847442627,1,0.4435230791568756,0.8094412088394165,0,0,0
2,,0.9999995827674866,1,0.44141000509262085,0.8064637780189514,0,0,0
3,,0.999999463558197,1,0.4410233199596405,0.8052136301994324,0,0,0
4,,0.999999463558197,1,0.4413827061653137,0.8067994117736816,0,0,0
5,,0.999999463558197,1,0.44122976064682007,0.8081991076469421,0,0,0
6,,0.9999992847442627,1,0.44107258319854736,0.8082390427589417,0,0,0
7,,0.9999995827674866,1,0.4409475326538086,0.8069272041320801,0,0,0
8,,0.9999993443489075,1,0.44199785590171814,0.805320143699646,0,0,0
9,,0.999999463558197,1,0.4411711096763611,0.8059946298599243,0,0,0
10,,0.9999992847442627,1,0.4384465217590332,0.8059598803520203,0,0,0
11,,0.999999463558197,1,0.4387792646884918,0.8034996390342712,0,0,0
12,,0.9999992251396179,1,0.44014444947242737,0.7997466325759888,0,0,0
13,,0.999999463558197,1,0.43925246596336365,0.7991806268692017,0,0,0
14,,0.9999996423721313,1,0.43621525168418884,0.8001842498779297,0,0,0
15,,0.9999994039535522,1,0.43729156255722046,0.7996867895126343,0,0,0
16,,0.999999463558197,1,0.4363256096839905,0.8012853264808655,0,0,0
17,,0.9999994039535522,1,0.43625983595848083,0.8012896776199341,0,0,0
18,,0.9999995231628418,1,0.43460315465927124,0.8007797598838806,0,0,0
19,,0.9999995827674866,1,0.4330860674381256,0.8014523983001709,0,0,0
20,,0.9999992847442627,1,0.4308397173881531,0.8007554411888123,0,0,0
21,,0.9999993443489075,1,0.43056923151016235,0.7995463609695435,0,0,0
22,,0.9999995231628418,1,0.4315468966960907,0.8009633421897888,0,0,0
23,,0.999999463558197,1,0.43062323331832886,0.8030713796615601,0,0,0
24,,0.999999463558197,1,0.4309796988964081,0.8042269945144653,0,0,0
25,,0.9999993443489075,1,0.4295184910297394,0.8031426668167114,0,0,0
26,,0.9999992251396179,1,0.4285183846950531,0.8035662770271301,0,0,0
27,,0.9999993443489075,1,0.42654791474342346,0.8041999936103821,0,0,0
28,,0.9999992251396179,1,0.42543238401412964,0.8033881187438965,0,0,0
29,,0.9999992847442627,1,0.4249023199081421,0.8057233691215515,0,0,0
30,,0.999999463558197,1,0.42405644059181213,0.8062352538108826,0,0,0
31,,0.9999995231628418,1,0.42342862486839294,0.8059132695198059,0,0,0
32,,0.9999994039535522,1,0.42386090755462646,0.8050249814987183,0,0,0
33,,0.9999994039535522,1,0.4242266118526459,0.806021511554718,0,0,0
34,,0.999999463558197,1,0.42295220494270325,0.8075051307678223,0,0,0
35,,0.9999994039535522,1,0.42275741696357727,0.8051942586898804,0,0,0
36,,0.9999994039535522,1,0.42413514852523804,0.8047121167182922,0,0,0
37,,0.9999992847442627,1,0.4229131042957306,0.807047426700592,0,0,0
38,,0.9999995827674866,1,0.4231759011745453,0.8058555126190186,0,0,0
39,,0.9999992251396179,1,0.42303258180618286,0.8063132166862488,0,0,0
40,,0.9999994039535522,1,0.42202499508857727,0.808951735496521,0,0,0
41,,0.9999993443489075,1,0.4204900562763214,0.8098122477531433,0,0,0
42,,0.9999991059303284,1,0.41874727606773376,0.8055538535118103,0,0,0
43,,0.9999992847442627,1,0.4182579219341278,0.8049119114875793,0,0,0
44,,0.999999463558197,1,0.41883042454719543,0.8038454055786133,0,0,0
45,,0.9999995231628418,1,0.4180804193019867,0.8023564219474792,0,0,0
46,,0.999999463558197,1,0.4175812005996704,0.8020341992378235,0,0,0
47,,0.9999995231628418,1,0.41884270310401917,0.8008254170417786,0,0,0
48,,0.9999992251396179,1,0.4167887270450592,0.8000592589378357,0,0,0
49,,0.9999992847442627,1,0.414312481880188,0.7998817563056946,0,0,0
50,,0.9999993443489075,1,0.414093554019928,0.8016097545623779,0,0,0
51,,0.9999992847442627,1,0.41284653544425964,0.8008241653442383,0,0,0
52,,0.9999992251396179,1,0.4123167097568512,0.7984886169433594,0,0,0
53,,0.9999994039535522,1,0.41062915325164795,0.7994145750999451,0,0,0
54,,0.999999463558197,1,0.4101404845714569,0.7986400723457336,0,0,0
55,,0.9999993443489075,1,0.41143932938575745,0.8011952638626099,0,0,0
56,,0.9999993443489075,1,0.4116375148296356,0.8002665638923645,0,0,0
57,,0.9999993443489075,1,0.4125543534755707,0.798709511756897,0,0,0
58,,0.9999994039535522,1,0.41231536865234375,0.7964238524436951,0,0,0
59,,0.9999994039535522,1,0.4110443890094757,0.7947233319282532,0,0,0
60,,0.9999993443489075,1,0.40990063548088074,0.7937651872634888,0,0,0
61,,0.9999994039535522,1,0.40912312269210815,0.7920498251914978,0,0,0
62,,0.9999992251396179,1,0.41109925508499146,0.7953014969825745,0,0,0
63,,0.9999993443489075,1,0.4118008315563202,0.796824038028717,0,0,0
64,,0.9999994039535522,1,0.41155657172203064,0.7962548136711121,0,0,0
65,,0.9999992251396179,1,0.41121822595596313,0.7957754135131836,0,0,0
66,,0.9999993443489075,1,0.41146522760391235,0.7935404181480408,0,0,0
67,,0.9999992847442627,1,0.41020554304122925,0.7941068410873413,0,0,0
68,,0.9999993443489075,1,0.40939316153526306,0.7943750619888306,0,0,0
69,,0.9999995231628418,1,0.4084787666797638,0.7933341264724731,0,0,0
70,,0.9999994039535522,1,0.40761813521385193,0.7938910722732544,0,0,0
71,,0.9999992847442627,1,0.40872955322265625,0.7936182618141174,0,0,0
72,,0.9999993443489075,1,0.40705016255378723,0.7904994487762451,0,0,0
73,,0.9999995827674866,1,0.4082050621509552,0.7886304259300232,0,0,0
74,,0.9999995231628418,1,0.4070858359336853,0.7882778644561768,0,0,0
75,,0.9999990463256836,1,0.40448054671287537,0.7901766300201416,0,0,0
76,,0.9999992847442627,1,0.4048827290534973,0.7899592518806458,0,0,0
77,,0.9999995231628418,1,0.40583673119544983,0.788804829120636,0,0,0
78,,0.9999992251396179,1,0.40544867515563965,0.789218008518219,0,0,0
79,,0.9999992847442627,1,0.4046965539455414,0.7886495590209961,0,0,0
80,,0.9999992251396179,1,0.4079803228378296,0.7861803770065308,0,0,0
81,,0.9999995827674866,1,0.408054381608963,0.7853837013244629,0,0,0
82,,0.9999992847442627,1,0.4087009131908417,0.7847875952720642,0,0,0
83,,0.999999463558197,1,0.4078114926815033,0.7864519953727722,0,0,0
84,,0.9999994039535522,1,0.40654298663139343,0.7864121794700623,0,0,0
85,,0.9999994039535522,1,0.406450480222702,0.7853285074234009,0,0,0
86,,0.9999992251396179,1,0.40684711933135986,0.7873881459236145,0,0,0
87,,0.9999995231628418,1,0.4068529009819031,0.7855498790740967,0,0,0
88,,0.999999463558197,1,0.40733465552330017,0.7870638370513916,0,0,0
89,,0.9999994039535522,1,0.4061702489852905,0.7887039184570312,0,0,0
90,,0.9999994039535522,1,0.4069552421569824,0.7888197898864746,0,0,0
91,,0.9999993443489075,1,0.40787068009376526,0.788175642490387,0,0,0
92,,0.999999463558197,1,0.40746089816093445,0.7888868451118469,0,0,0
93,,0.9999992251396179,1,0.4080637991428375,0.7901740670204163,0,0,0
94,,0.9999993443489075,1,0.4069742262363434,0.7907733917236328,0,0,0
95,,0.9999992251396179,1,0.40697360038757324,0.7899861335754395,0,0,0
96,,0.999999463558197,1,0.4047454595565796,0.7868087887763977,0,0,0
97,,0.9999994039535522,1,0.40332046151161194,0.7859789133071899,0,0,0
98,,0.9999994039535522,1,0.401865154504776,0.7856486439704895,0,0,0
99,,0.9999992847442627,1,0.401090532541275,0.7845664620399475,0,0,0
100,,0.9999992847442627,1,0.4012109041213989,0.7851764559745789,0,0,0
101,,0.9999992847442627,1,0.4017857611179352,0.7851039171218872,0,0,0
102,,0.9999991655349731,1,0.3995242118835449,0.7864993810653687,0,0,0
103,,0.9999995231628418,1,0.39956164360046387,0.7856572270393372,0,0,0
104,,0.9999992251396179,1,0.39806023240089417,0.7853452563285828,0,0,0
105,,0.9999992251396179,1,0.3966962695121765,0.7858408093452454,0,0,0
106,,0.9999992847442627,1,0.3963198959827423,0.7835354804992676,0,0,0
107,,0.9999991655349731,1,0.3975410461425781,0.7836064100265503,0,0,0
108,,0.999999463558197,1,0.39882519841194153,0.785338819026947,0,0,0
109,,0.9999991655349731,1,0.3998909294605255,0.7853851318359375,0,0,0
110,,0.9999994039535522,1,0.3985353708267212,0.7845450043678284,0,0,0
111,,0.9999995827674866,1,0.4004220962524414,0.7846601605415344,0,0,0
112,,0.9999995231628418,1,0.39949214458465576,0.7838890552520752,0,0,0
113,,0.9999992847442627,1,0.39784669876098633,0.7847234010696411,0,0,0
114,,0.9999993443489075,1,0.3947240710258484,0.7856462597846985,0,0,0
115,,0.9999992251396179,1,0.3959392011165619,0.7858757376670837,0,0,0
116,,0.9999993443489075,1,0.3950470983982086,0.7860023975372314,0,0,0
117,,0.999999463558197,1,0.3960849940776825,0.7842448353767395,0,0,0
118,,0.9999992847442627,1,0.39809152483940125,0.7822725176811218,0,0,0
119,,0.9999992847442627,1,0.39828231930732727,0.7804707288742065,0,0,0
120,,0.9999994039535522,1,0.39566659927368164,0.7776646614074707,0,0,0
121,,0.9999993443489075,1,0.3971790373325348,0.7776426672935486,0,0,0
122,,0.9999993443489075,1,0.3970201313495636,0.7768718600273132,0,0,0
123,,0.9999993443489075,1,0.39570167660713196,0.7739561796188354,0,0,0
124,,0.9999995231628418,1,0.39367198944091797,0.7739536166191101,0,0,0
125,,0.9999993443489075,1,0.39456215500831604,0.7749541401863098,0,0,0
126,,0.9999994039535522,1,0.39450010657310486,0.7752866148948669,0,0,0
127,,0.9999992251396179,1,0.39465102553367615,0.7781890034675598,0,0,0
128,,0.9999993443489075,1,0.3977373540401459,0.7822025418281555,0,0,0
129,,0.9999994039535522,1,0.3969302177429199,0.7818751931190491,0,0,0
130,,0.999999463558197,1,0.3949061930179596,0.782370924949646,0,0,0
131,,0.9999992251396179,1,0.39307230710983276,0.7817656993865967,0,0,0
132,,0.9999993443489075,1,0.39406365156173706,0.7821448445320129,0,0,0
133,,0.9999994039535522,1,0.3927471339702606,0.7817573547363281,0,0,0
134,,0.9999994039535522,1,0.3919692933559418,0.7797757983207703,0,0,0
135,,0.999999463558197,1,0.387282133102417,0.7819243669509888,0,0,0
136,,0.9999995231628418,1,0.3873557448387146,0.7806258797645569,0,0,0
137,,0.9999992847442627,1,0.38835227489471436,0.78044193983078,0,0,0
138,,0.9999992251396179,1,0.38872039318084717,0.7811300158500671,0,0,0
139,,0.9999991059303284,1,0.3896954655647278,0.7805064916610718,0,0,0
140,,0.9999993443489075,1,0.3889346420764923,0.7799515724182129,0,0,0
141,,0.9999995231628418,1,0.38707250356674194,0.7809652090072632,0,0,0
142,,0.9999992847442627,1,0.38739845156669617,0.781475841999054,0,0,0
143,,0.9999992847442627,1,0.3859846591949463,0.7812442779541016,0,0,0
144,,0.9999993443489075,1,0.3852287232875824,0.7832948565483093,0,0,0
145,,0.9999994039535522,1,0.3868710398674011,0.7831767797470093,0,0,0
146,,0.9999994039535522,1,0.3869818449020386,0.7838455438613892,0,0,0
147,,0.999999463558197,1,0.3880676031112671,0.7838107943534851,0,0,0
148,,0.9999993443489075,1,0.3879888355731964,0.7807455658912659,0,0,0
149,,0.9999994039535522,1,0.38810187578201294,0.7794068455696106,0,0,0
150,,0.9999993443489075,1,0.3890306055545807,0.7767978310585022,0,0,0
151,,0.9999993443489075,1,0.38903480768203735,0.7792040109634399,0,0,0
152,,0.9999991059303284,1,0.3873731791973114,0.7799732685089111,0,0,0
153,,0.999999463558197,1,0.3881596028804779,0.7779439687728882,0,0,0
154,,0.9999992847442627,1,0.3884885609149933,0.776686429977417,0,0,0
155,,0.9999991655349731,1,0.386353075504303,0.773509681224823,0,0,0
156,,0.9999992251396179,1,0.38750389218330383,0.7737436294555664,0,0,0
157,,0.999999463558197,1,0.3870994746685028,0.7734370231628418,0,0,0
158,,0.9999993443489075,1,0.388009250164032,0.7738653421401978,0,0,0
159,,0.9999991059303284,1,0.3884862959384918,0.775115966796875,0,0,0
160,,0.9999994039535522,1,0.39076271653175354,0.7741234302520752,0,0,0
161,,0.9999995231628418,1,0.3893665671348572,0.7742334604263306,0,0,0
162,,0.999999463558197,1,0.3906072974205017,0.7728803157806396,0,0,0
163,,0.9999992847442627,1,0.3909676671028137,0.7703694701194763,0,0,0
164,,0.9999995231628418,1,0.38970839977264404,0.7698239088058472,0,0,0
165,,0.9999995231628418,1,0.3895568549633026,0.7641417980194092,0,0,0
166,,0.9999995231628418,1,0.3909112215042114,0.7617433071136475,0,0,0
167,,0.999999463558197,1,0.3910244107246399,0.7610806822776794,0,0,0
168,,0.9999992847442627,1,0.39007386565208435,0.7624542713165283,0,0,0
169,,0.9999992847442627,1,0.3910895586013794,0.7633494734764099,0,0,0
170,,0.9999992251396179,1,0.3914518654346466,0.7612667083740234,0,0,0
171,,0.9999991655349731,1,0.39357587695121765,0.7606489062309265,0,0,0
172,,0.9999993443489075,1,0.39482933282852173,0.7606384754180908,0,0,0
173,,0.9999992847442627,1,0.3959149122238159,0.7586012482643127,0,0,0
174,,0.999999463558197,1,0.3957866430282593,0.7591958045959473,0,0,0
175,,0.9999990463256836,1,0.3979061543941498,0.759125828742981,0,0,0
176,,0.9999992847442627,1,0.3994699716567993,0.7594092488288879,0,0,0
177,,0.9999992847442627,1,0.4003009796142578,0.7597106695175171,0,0,0
178,,0.9999992251396179,1,0.40049663186073303,0.7582460045814514,0,0,0
179,,0.9999994039535522,1,0.39833730459213257,0.759466290473938,0,0,0
180,,0.999999463558197,1,0.3979644477367401,0.7603930830955505,0,0,0
181,,0.9999995827674866,1,0.39874333143234253,0.760840117931366,0,0,0
182,,0.999999463558197,1,0.3996872007846832,0.7628035545349121,0,0,0
183,,0.9999993443489075,1,0.3993149995803833,0.7614343166351318,0,0,0
184,,0.9999992251396179,1,0.3998323678970337,0.7601120471954346,0,0,0
185,,0.9999991655349731,1,0.3982033431529999,0.7593945860862732,0,0,0
186,,0.9999992847442627,1,0.39585116505622864,0.7595634460449219,0,0,0
187,,0.9999990463256836,1,0.3974902033805847,0.7587339878082275,0,0,0
188,,0.9999993443489075,1,0.3962031304836273,0.7594376802444458,0,0,0
189,,0.9999995231628418,1,0.39396849274635315,0.7583050727844238,0,0,0
190,,0.9999992847442627,1,0.39458373188972473,0.7604162096977234,0,0,0
191,,0.999999463558197,1,0.39598730206489563,0.7611430287361145,0,0,0
192,,0.9999992847442627,1,0.39586853981018066,0.7625528573989868,0,0,0
193,,0.9999992847442627,1,0.3963448405265808,0.7622100710868835,0,0,0
194,,0.9999991059303284,1,0.3979056775569916,0.7637368440628052,0,0,0
195,,0.9999989867210388,1,0.39857539534568787,0.7642053365707397,0,0,0
196,,0.9999994039535522,1,0.39768001437187195,0.7640553712844849,0,0,0
197,,0.9999994039535522,1,0.40009191632270813,0.7673116326332092,0,0,0
198,,0.9999992847442627,1,0.39858636260032654,0.7672008872032166,0,0,0
199,,0.9999992847442627,1,0.39819827675819397,0.7659556269645691,0,0,0
200,,0.9518374800682068,1,0.3972846567630768,0.7670570015907288,0,0,0
201,,0.9999993443489075,1,0.3973664343357086,0.7658446431159973,0,0,0
202,,0.9999992847442627,1,0.3962678611278534,0.7680436372756958,0,0,0
203,,0.9999993443489075,1,0.39739033579826355,0.769734799861908,0,0,0
204,,0.9999995231628418,1,0.3970944583415985,0.7669119238853455,0,0,0
205,,0.9999995231628418,1,0.3960227370262146,0.7673339247703552,0,0,0
206,,0.9999992847442627,1,0.39838847517967224,0.7653946280479431,0,0,0
207,,0.999999463558197,1,0.3981715440750122,0.7648993730545044,0,0,0
208,,0.9999995231628418,1,0.39791569113731384,0.7630733251571655,0,0,0
209,,0.9999993443489075,1,0.3971911668777466,0.7657565474510193,0,0,0
210,,0.999999463558197,1,0.39790409803390503,0.7671030759811401,0,0,0
211,,0.9999993443489075,1,0.3956230878829956,0.7671988606452942,0,0,0
212,,0.9999992251396179,1,0.3952501714229584,0.7668656706809998,0,0,0
213,,0.9999992847442627,1,0.39486825466156006,0.7652196884155273,0,0,0
214,,0.9999995827674866,1,0.39501896500587463,0.7636539340019226,0,0,0
215,,0.9999992847442627,1,0.3952626883983612,0.765685498714447,0,0,0
216,,0.9999995231628418,1,0.39657238125801086,0.7671279907226562,0,0,0
217,,0.9999995231628418,1,0.39596447348594666,0.767451286315918,0,0,0
218,,0.9999991059303284,1,0.39512309432029724,0.7680698037147522,0,0,0
219,,0.9999990463256836,1,0.3949144780635834,0.7688519954681396,0,0,0
220,,0.9999993443489075,1,0.39600273966789246,0.7714373469352722,0,0,0
221,,0.999999463558197,1,0.3957020044326782,0.7725945115089417,0,0,0
222,,0.9999992847442627,1,0.3952793478965759,0.773993968963623,0,0,0
223,,0.9999992847442627,1,0.3965180218219757,0.7748271226882935,0,0,0
224,,0.9999992847442627,1,0.39746132493019104,0.7738399505615234,0,0,0
225,,0.999999463558197,1,0.398664265871048,0.7743273973464966,0,0,0
226,,0.9999991655349731,1,0.3985852003097534,0.7756180763244629,0,0,0
227,,0.9999992251396179,1,0.3998692035675049,0.7762255072593689,0,0,0
228,,0.999999463558197,1,0.39910489320755005,0.7779048681259155,0,0,0
229,,0.999999463558197,1,0.39824309945106506,0.7808650135993958,0,0,0
230,,0.9999994039535522,1,0.3983667492866516,0.7811281085014343,0,0,0
231,,0.9999991655349731,1,0.4000159800052643,0.7793127298355103,0,0,0
232,,0.9999992847442627,1,0.3989265263080597,0.777895987033844,0,0,0
233,,0.9999995231628418,1,0.3976362943649292,0.7767152190208435,0,0,0
234,,0.9999991655349731,1,0.3978310823440552,0.7749447822570801,0,0,0
235,,0.9999992847442627,1,0.39936932921409607,0.7736157774925232,0,0,0
236,,0.999999463558197,1,0.401174932718277,0.7718478441238403,0,0,0
237,,0.9999991059303284,1,0.4026738405227661,0.7713890075683594,0,0,0
238,,0.9999992847442627,1,0.40156665444374084,0.7686192989349365,0,0,0
239,,0.9999993443489075,1,0.40222546458244324,0.7678224444389343,0,0,0
240,,0.9999993443489075,1,0.4016791880130768,0.769591748714447,0,0,0
241,,0.999999463558197,1,0.4024229645729065,0.7698355913162231,0,0,0
242,,0.9999995231628418,1,0.4011125862598419,0.7688016891479492,0,0,0
243,,0.9999993443489075,1,0.3996164798736572,0.7691827416419983,0,0,0
244,,0.9999992847442627,1,0.3999606966972351,0.7699041962623596,0,0,0
245,,0.9999993443489075,1,0.40200188755989075,0.7679674625396729,0,0,0
246,,0.9999993443489075,1,0.40130946040153503,0.7648330330848694,0,0,0
247,,0.606734573841095,1,0.40208911895751953,0.7651673555374146,0,0,0
248,,0.9999992847442627,1,0.4032306969165802,0.7659973502159119,0,0,0
249,,0.9999992847442627,1,0.40393534302711487,0.7650442123413086,0,0,0
250,,0.9999992847442627,1,0.40219035744667053,0.7652638554573059,0,0,0
251,,0.9999996423721313,1,0.4010547995567322,0.7641125321388245,0,0,0
252,,0.9999993443489075,1,0.39974477887153625,0.7632490396499634,0,0,0
253,,0.9999995231628418,1,0.400987446308136,0.765814483165741,0,0,0
254,,0.9999993443489075,1,0.40263858437538147,0.7656839489936829,0,0,0
255,,0.6728448271751404,1,0.40388643741607666,0.7651512622833252,0,0,0
256,,0.8887264728546143,1,0.4042900502681732,0.7660650610923767,0,0,0
257,,0.9999993443489075,1,0.40525543689727783,0.7654566764831543,0,0,0
258,,0.9999994039535522,1,0.405072957277298,0.7651095986366272,0,0,0
259,,0.999999463558197,1,0.4063816964626312,0.7681867480278015,0,0,0
260,,0.9999992847442627,1,0.4082455039024353,0.7678411602973938,0,0,0
261,,0.9999992847442627,1,0.4069744944572449,0.7700484395027161,0,0,0
262,,0.9999991655349731,1,0.40669599175453186,0.7717279195785522,0,0,0
263,,0.9999991655349731,1,0.40626364946365356,0.7713910341262817,0,0,0
264,,0.9999991655349731,1,0.4069480001926422,0.7680574655532837,0,0,0
265,,0.8782075047492981,1,0.40752190351486206,0.7678161263465881,0,0,0
266,,0.9999991059303284,1,0.4083256423473358,0.7695485353469849,0,0,0
267,,0.9999994039535522,1,0.40793395042419434,0.7711358666419983,0,0,0
268,,0.9999993443489075,1,0.40896108746528625,0.7708427906036377,0,0,0
269,,0.9999991059303284,1,0.4086235463619232,0.7732805013656616,0,0,0
270,,0.9999992251396179,1,0.40947675704956055,0.7737360000610352,0,0,0
271,,0.9999992251396179,1,0.40829095244407654,0.7748743295669556,0,0,0
272,,0.9999992847442627,1,0.40885332226753235,0.7745354771614075,0,0,0
273,,0.9999992847442627,1,0.4062785804271698,0.7726011276245117,0,0,0
274,,0.9999991655349731,1,0.4087553322315216,0.771150529384613,0,0,0
275,,0.9999991655349731,1,0.40962886810302734,0.7732693552970886,0,0,0
276,,0.9999992847442627,1,0.4098191261291504,0.772760272026062,0,0,0
277,,0.9999993443489075,1,0.4094744324684143,0.770454466342926,0,0,0
278,,0.9999991059303284,1,0.4097118377685547,0.7728545665740967,0,0,0
279,,0.9999993443489075,1,0.4104683995246887,0.7759473323822021,0,0,0
280,,0.9999993443489075,1,0.40907737612724304,0.7772678732872009,0,0,0
281,,0.9999995827674866,1,0.4093095362186432,0.7749460339546204,0,0,0
282,,0.9999994039535522,1,0.409083753824234,0.7749360799789429,0,0,0
283,,0.9999992847442627,1,0.410168319940567,0.772280216217041,0,0,0
284,,0.9999992251396179,1,0.4090808033943176,0.7706478834152222,0,0,0
285,,0.9999992847442627,1,0.4082060158252716,0.7730258107185364,0,0,0
286,,0.9999993443489075,1,0.4095923602581024,0.7703200578689575,0,0,0
287,,0.9999992251396179,1,0.4101676344871521,0.7703715562820435,0,0,0
288,,0.9999995231628418,1,0.4093667268753052,0.769949734210968,0,0,0
289,,0.9999992251396179,1,0.41001075506210327,0.7710779905319214,0,0,0
290,,0.9999994039535522,1,0.41082531213760376,0.7708985209465027,0,0,0
291,,0.999999463558197,1,0.4106786847114563,0.7680545449256897,0,0,0
292,,0.9999994039535522,1,0.41162651777267456,0.7696653008460999,0,0,0
293,,0.9999994039535522,1,0.41138580441474915,0.7712677121162415,0,0,0
294,,0.9999995231628418,1,0.4104861915111542,0.7687579989433289,0,0,0
295,,0.9999992847442627,1,0.41090014576911926,0.7688961029052734,0,0,0
296,,0.9999995231628418,1,0.41167891025543213,0.7714399695396423,0,0,0
297,,0.9999992847442627,1,0.4124378561973572,0.7684179544448853,0,0,0
298,,0.9999992251396179,1,0.4125008285045624,0.7710122466087341,0,0,0
299,,0.9999991655349731,1,0.41418594121932983,0.773713231086731,0,0,0
300,,0.9999990463256836,1,0.4119686782360077,0.7711871266365051,0,0,0
301,,0.9999994039535522,1,0.4126308262348175,0.7731949687004089,0,0,0
302,,0.9999995231628418,1,0.411930114030838,0.7752537727355957,0,0,0
303,,0.9999993443489075,1,0.4115206003189087,0.7732135653495789,0,0,0
304,,0.9999991655349731,1,0.4128963351249695,0.7736040353775024,0,0,0
305,,0.9999994039535522,1,0.4137062728404999,0.7754871249198914,0,0,0
306,,0.9999992251396179,1,0.4135344624519348,0.7781079411506653,0,0,0
307,,0.9999991059303284,1,0.4124568700790405,0.7793435454368591,0,0,0
308,,0.9999991059303284,1,0.4133307933807373,0.7820943593978882,0,0,0
309,,0.999999463558197,1,0.4137754738330841,0.7859011292457581,0,0,0
310,,0.9999992251396179,1,0.4136352241039276,0.7871260643005371,0,0,0
311,,0.9999993443489075,1,0.41435250639915466,0.7895799875259399,0,0,0
312,,0.9999992251396179,1,0.41520917415618896,0.789933979511261,0,0,0
313,,0.9999992847442627,1,0.4159628748893738,0.791599690914154,0,0,0
314,,0.9999992251396179,1,0.4161098301410675,0.7908656001091003,0,0,0
315,,0.9999991059303284,1,0.41483432054519653,0.7914154529571533,0,0,0
316,,0.9999991059303284,1,0.41446352005004883,0.791303277015686,0,0,0
317,,0.999999463558197,1,0.41275256872177124,0.7918077111244202,0,0,0
318,,0.9999992847442627,1,0.4131322205066681,0.7911733984947205,0,0,0
319,,0.9999992847442627,1,0.4112463593482971,0.7917032241821289,0,0,0
320,,0.9999992251396179,1,0.4135569632053375,0.7915988564491272,0,0,0
321,,0.9999991059303284,1,0.41424092650413513,0.7907804250717163,0,0,0
322,,0.9999992847442627,1,0.41308557987213135,0.7914138436317444,0,0,0
323,,0.9999992251396179,1,0.41467931866645813,0.7902988195419312,0,0,0
324,,0.9999994039535522,1,0.4131584167480469,0.7887116074562073,0,0,0
325,,0.9999992847442627,1,0.41331246495246887,0.7886570692062378,0,0,0
326,,0.9999991059303284,1,0.41342705488204956,0.7902529239654541,0,0,0
327,,0.9999992847442627,1,0.41415685415267944,0.792824923992157,0,0,0
328,,0.9999995231628418,1,0.41514986753463745,0.7896887063980103,0,0,0
329,,0.9999992847442627,1,0.4170043468475342,0.7911210656166077,0,0,0
330,,0.9999991059303284,1,0.4176182150840759,0.7943719029426575,0,0,0
331,,0.9999992847442627,1,0.4188290238380432,0.7954724431037903,0,0,0
332,,0.9999992847442627,1,0.4177361726760864,0.7972937226295471,0,0,0
333,,0.9999992847442627,1,0.4162348210811615,0.7969658970832825,0,0,0
334,,0.9999992251396179,1,0.41494324803352356,0.7958449125289917,0,0,0
335,,0.9999992847442627,1,0.4148103892803192,0.7967458963394165,0,0,0
336,,0.9999992847442627,1,0.41411060094833374,0.7998027801513672,0,0,0
337,,0.9999993443489075,1,0.4146183729171753,0.8010477423667908,0,0,0
338,,0.9999992847442627,1,0.4162624180316925,0.8050501346588135,0,0,0
339,,0.9999991655349731,1,0.4152613580226898,0.806648313999176,0,0,0
340,,0.6426436901092529,1,0.4152644872665405,0.808361828327179,0,0,0
341,,0.9999992847442627,1,0.4149472713470459,0.8065484762191772,0,0,0
342,,0.9999991655349731,1,0.4146125614643097,0.8038915991783142,0,0,0
343,,0.9999992251396179,1,0.4162555932998657,0.8014020919799805,0,0,0
344,,0.9999992251396179,1,0.41802331805229187,0.8015104532241821,0,0,0
345,,0.9999994039535522,1,0.42021119594573975,0.8022511601448059,0,0,0
346,,0.999999463558197,1,0.4186207950115204,0.8041846752166748,0,0,0
347,,0.9999995827674866,1,0.419908344745636,0.8010486960411072,0,0,0
348,,0.999999463558197,1,0.41973501443862915,0.7982815504074097,0,0,0
349,,0.999999463558197,1,0.4169589579105377,0.7988947033882141,0,0,0
350,,0.9999994039535522,1,0.41618481278419495,0.7965801358222961,0,0,0
351,,0.9999991655349731,1,0.4157017767429352,0.7956225872039795,0,0,0
352,,0.9999992251396179,1,0.4156186580657959,0.7974043488502502,0,0,0
353,,0.9999994039535522,1,0.4138907790184021,0.7964106202125549,0,0,0
354,,0.9999991655349731,1,0.41392800211906433,0.7949588298797607,0,0,0
355,,0.9999993443489075,1,0.4155539274215698,0.7937763929367065,0,0,0
356,,0.999999463558197,1,0.41524845361709595,0.7937009334564209,0,0,0
357,,0.9999993443489075,1,0.41409945487976074,0.7927402853965759,0,0,0
358,,0.9999993443489075,1,0.4143131971359253,0.7941298484802246,0,0,0
359,,0.9999992847442627,1,0.4143224060535431,0.793908417224884,0,0,0
360,,0.9999992847442627,1,0.4133259057998657,0.7937774062156677,0,0,0
361,,0.9999992251396179,1,0.4136657416820526,0.7934898734092712,0,0,0
362,,0.9999994039535522,1,0.41355350613594055,0.7908076643943787,0,0,0
363,,0.9999992847442627,1,0.4129185378551483,0.7913223505020142,0,0,0
364,,0.9999991655349731,1,0.4125615656375885,0.7946183681488037,0,0,0
365,,0.9999994039535522,1,0.4138510823249817,0.7978177070617676,0,0,0
366,,0.9999995827674866,1,0.41080355644226074,0.7974695563316345,0,0,0
367,,0.9999992847442627,1,0.4131535291671753,0.7961487770080566,0,0,0
368,,0.9999992847442627,1,0.41286998987197876,0.795900821685791,0,0,0
369,,0.9999992847442627,1,0.41302689909935,0.7983098030090332,0,0,0
370,,0.9999991059303284,1,0.41463524103164673,0.8004989624023438,0,0,0
371,,0.9999992251396179,1,0.4148206114768982,0.8030259013175964,0,0,0
372,,0.9999992251396179,1,0.41460680961608887,0.8038696050643921,0,0,0
373,,0.9999993443489075,1,0.4146135747432709,0.8025136590003967,0,0,0
374,,0.9999992847442627,1,0.41386914253234863,0.8016278147697449,0,0,0
375,,0.9999994039535522,1,0.4152091145515442,0.8030878901481628,0,0,0
376,,0.9999990463256836,1,0.415109783411026,0.8021949529647827,0,0,0
377,,0.999999463558197,1,0.41635680198669434,0.8060806393623352,0,0,0
378,,0.9999994039535522,1,0.41732892394065857,0.8052942156791687,0,0,0
379,,0.9999992251396179,1,0.415690153837204,0.8090271353721619,0,0,0
380,,0.7827973961830139,1,0.4158572852611542,0.8096588253974915,0,0,0
381,,0.7940966486930847,1,0.4148506224155426,0.80942702293396,0,0,0
382,,0.9999992251396179,1,0.41400229930877686,0.8079595565795898,0,0,0
383,,0.999998927116394,1,0.4142886698246002,0.8054527640342712,0,0,0
384,,0.9999992251396179,1,0.41511064767837524,0.8044813871383667,0,0,0
385,,0.9999992847442627,1,0.4151012897491455,0.8051952123641968,0,0,0
386,,0.9999993443489075,1,0.41620075702667236,0.8047189116477966,0,0,0
387,,0.9999991655349731,1,0.4149605333805084,0.8063541650772095,0,0,0
388,,0.9999992847442627,1,0.4153124988079071,0.8066076636314392,0,0,0
389,,0.9999993443489075,1,0.4156597852706909,0.8073909282684326,0,0,0
390,,0.9099064469337463,1,0.41626277565956116,0.8063080906867981,0,0,0
391,,0.9999992847442627,1,0.4171193242073059,0.8078411817550659,0,0,0
392,,0.9999992251396179,1,0.41748854517936707,0.8133533596992493,0,0,0
393,,0.9999994039535522,1,0.41726362705230713,0.8109301328659058,0,0,0
394,,0.9999991059303284,1,0.4175930619239807,0.8106196522712708,0,0,0
395,,0.9999992251396179,1,0.4162563979625702,0.8130983710289001,0,0,0
396,,0.9999992847442627,1,0.41810402274131775,0.8141701221466064,0,0,0
397,,0.9999993443489075,1,0.4190133810043335,0.8133472800254822,0,0,0
398,,0.9999992847442627,1,0.41790008544921875,0.8116006851196289,0,0,0
399,,0.9999990463256836,1,0.41785016655921936,0.8116711378097534,0,0,0
400,,0.9999989867210388,1,0.4164266288280487,0.8110191226005554,0,0,0
401,,0.9999992847442627,1,0.41638466715812683,0.8144532442092896,0,0,0
402,,0.9999992847442627,1,0.41751301288604736,0.8161892294883728,0,0,0
403,,0.9999992847442627,1,0.418351411819458,0.8148307204246521,0,0,0
404,,0.9999991059303284,1,0.4175657033920288,0.8150683641433716,0,0,0
405,,0.9741211533546448,1,0.4171018898487091,0.8147943615913391,0,0,0
406,,0.9999992251396179,1,0.4173901677131653,0.8121392130851746,0,0,0
407,,0.999999463558197,1,0.4178561568260193,0.8114583492279053,0,0,0
408,,0.9999993443489075,1,0.41719645261764526,0.8122432231903076,0,0,0
409,,0.9999991059303284,1,0.42016589641571045,0.8097697496414185,0,0,0
410,,0.999999463558197,1,0.42015257477760315,0.8073483109474182,0,0,0
411,,0.9999992251396179,1,0.4207843244075775,0.8053469657897949,0,0,0
412,,0.9999995231628418,1,0.4230666160583496,0.802164614200592,0,0,0
413,,0.9999992847442627,1,0.4237220287322998,0.8017714023590088,0,0,0
414,,0.9999994039535522,1,0.42316582798957825,0.8014299869537354,0,0,0
415,,0.9999991655349731,1,0.4225826859474182,0.8028217554092407,0,0,0
416,,0.9999994039535522,1,0.4205789864063263,0.8004476428031921,0,0,0
417,,0.9999992847442627,1,0.4209498465061188,0.7977104187011719,0,0,0
418,,0.9999995231628418,1,0.42030394077301025,0.7983232140541077,0,0,0
419,,0.999999463558197,1,0.4201010465621948,0.8016363978385925,0,0,0
420,,0.9999993443489075,1,0.417917400598526,0.8036414384841919,0,0,0
421,,0.9999993443489075,1,0.41763052344322205,0.8031410574913025,0,0,0
422,,0.9999991059303284,1,0.4146859347820282,0.8047876954078674,0,0,0
423,,0.9999992251396179,1,0.41370105743408203,0.8037617206573486,0,0,0
424,,0.9999993443489075,1,0.41398999094963074,0.8048632740974426,0,0,0
425,,0.9999994039535522,1,0.4123920798301697,0.8025034666061401,0,0,0
426,,0.9999991655349731,1,0.4126334488391876,0.8012060523033142,0,0,0
427,,0.9999989867210388,1,0.4125736355781555,0.8013118505477905,0,0,0
428,,0.9999992847442627,1,0.4138251543045044,0.8003527522087097,0,0,0
429,,0.7790995836257935,1,0.41330644488334656,0.7996461987495422,0,0,0
430,,0.9999990463256836,1,0.41333597898483276,0.7979122400283813,0,0,0
431,,0.999998927116394,1,0.4135415852069855,0.7993229031562805,0,0,0
432,,0.7598822116851807,1,0.41333290934562683,0.8000493049621582,0,0,0
433,,0.9999989867210388,1,0.4122931957244873,0.7989141941070557,0,0,0
434,,0.9999994039535522,1,0.411775141954422,0.7975381016731262,0,0,0
435,,0.9999993443489075,1,0.41318273544311523,0.7972207069396973,0,0,0
436,,0.9999995231628418,1,0.41265344619750977,0.7978198528289795,0,0,0
437,,0.9999992251396179,1,0.4138556718826294,0.7967272996902466,0,0,0
438,,0.9999991655349731,1,0.4116194546222687,0.7959407567977905,0,0,0
439,,0.9999992251396179,1,0.4106524586677551,0.7960860729217529,0,0,0
440,,0.9999991655349731,1,0.4110220670700073,0.7972459197044373,0,0,0
441,,0.8525648713111877,1,0.4112524390220642,0.7969495058059692,0,0,0
442,,0.9999992847442627,1,0.4130127429962158,0.7965098023414612,0,0,0
443,,0.9999992847442627,1,0.41402238607406616,0.7953356504440308,0,0,0
444,,0.9999991655349731,1,0.41399142146110535,0.7942561507225037,0,0,0
445,,0.9999994039535522,1,0.41429591178894043,0.7946411371231079,0,0,0
446,,0.9999993443489075,1,0.414554238319397,0.7944779396057129,0,0,0
447,,0.9999992847442627,1,0.4140530526638031,0.7973175048828125,0,0,0
448,,0.7642780542373657,1,0.4148178994655609,0.7986744046211243,0,0,0
449,,0.998002827167511,1,0.41428142786026,0.7989948391914368,0,0,0
450,,0.9999991655349731,1,0.41365158557891846,0.8013571500778198,0,0,0
451,,0.9999994039535522,1,0.412518709897995,0.8020874261856079,0,0,0
452,,0.9999992847442627,1,0.41303542256355286,0.8011800050735474,0,0,0
453,,0.9999992847442627,1,0.41526827216148376,0.8019940257072449,0,0,0
454,,0.9999991655349731,1,0.417579710483551,0.8016918301582336,0,0,0
455,,0.9999989867210388,1,0.4165489673614502,0.8017187714576721,0,0,0
456,,0.9999991059303284,1,0.4167892634868622,0.8026490807533264,0,0,0
457,,0.9999992251396179,1,0.4162290692329407,0.8026056885719299,0,0,0
458,,0.9999992251396179,1,0.41563358902931213,0.8016729950904846,0,0,0
459,,0.9999993443489075,1,0.41613173484802246,0.8024467825889587,0,0,0
460,,0.9999993443489075,1,0.41604188084602356,0.8026951551437378,0,0,0
461,,0.9999992251396179,1,0.4180457890033722,0.8020351529121399,0,0,0
462,,0.9999990463256836,1,0.4173363447189331,0.8023871779441833,0,0,0
463,,0.9999993443489075,1,0.4173399806022644,0.7993969321250916,0,0,0
464,,0.9999992847442627,1,0.41720661520957947,0.7987400889396667,0,0,0
465,,0.9999991059303284,1,0.4180997610092163,0.7982069253921509,0,0,0
466,,0.9999992847442627,1,0.4194779396057129,0.7992287874221802,0,0,0
467,,0.9999991655349731,1,0.41770443320274353,0.8010128140449524,0,0,0
468,,0.932136595249176,1,0.4179534316062927,0.8002362847328186,0,0,0
469,,0.9999991655349731,1,0.42046189308166504,0.7948999404907227,0,0,0
470,,0.9999993443489075,1,0.4206560254096985,0.7950922846794128,0,0,0
471,,0.9999993443489075,1,0.4213617146015167,0.7951021790504456,0,0,0
472,,0.9999992847442627,1,0.4228349030017853,0.7959181666374207,0,0,0
473,,0.9014785289764404,1,0.42188337445259094,0.7965502142906189,0,0,0
474,,0.9999991059303284,1,0.4210526645183563,0.7972655296325684,0,0,0
475,,0.9999992847442627,1,0.4217583239078522,0.7975034117698669,0,0,0
476,,0.9999993443489075,1,0.4202462136745453,0.7964330315589905,0,0,0
477,,0.9999991655349731,1,0.4200720489025116,0.7960073351860046,0,0,0
478,,0.9999993443489075,1,0.41936346888542175,0.7943211197853088,0,0,0
479,,0.9999992251396179,1,0.4203687608242035,0.794643223285675,0,0,0
480,,0.9999993443489075,1,0.421271413564682,0.7943949699401855,0,0,0
481,,0.9999993443489075,1,0.4196869134902954,0.79507976770401,0,0,0
482,,0.9999992847442627,1,0.42049455642700195,0.7938790321350098,0,0,0
483,,0.9999994039535522,1,0.421224981546402,0.7950369715690613,0,0,0
484,,0.9999992251396179,1,0.42020851373672485,0.7981526255607605,0,0,0
485,,0.9999992251396179,1,0.41910696029663086,0.7973198890686035,0,0,0
486,,0.9999991655349731,1,0.4167625904083252,0.7975563406944275,0,0,0
487,,0.9999992251396179,1,0.41573813557624817,0.7980115413665771,0,0,0
488,,0.9999991655349731,1,0.41536685824394226,0.7986664175987244,0,0,0
489,,0.9999991059303284,1,0.41659265756607056,0.7997118234634399,0,0,0
490,,0.9999992847442627,1,0.4164781868457794,0.7992032170295715,0,0,0
491,,0.9999993443489075,1,0.41897085309028625,0.7989254593849182,0,0,0
492,,0.9999994039535522,1,0.41920042037963867,0.7993909120559692,0,0,0
493,,0.9999992251396179,1,0.41865628957748413,0.8020398020744324,0,0,0
494,,0.9999992251396179,1,0.4194767475128174,0.8027548789978027,0,0,0
495,,0.9999992251396179,1,0.41811367869377136,0.7995796799659729,0,0,0
496,,0.9999993443489075,1,0.4180867671966553,0.8012827634811401,0,0,0
497,,0.9999991655349731,1,0.4173857867717743,0.7985192537307739,0,0,0
498,,0.9999993443489075,1,0.41718682646751404,0.7976139187812805,0,0,0
499,,0.9999991655349731,1,0.4150997996330261,0.798103928565979,0,0,0
500,,0.9999992251396179,1,0.41760045289993286,0.8006824851036072,0,0,0
501,,0.9999991059303284,1,0.4185458719730377,0.8015294075012207,0,0,0
502,,0.9999995231628418,1,0.4184044897556305,0.8007358312606812,0,0,0
503,,0.9999992251396179,1,0.4180149435997009,0.8022692203521729,0,0,0
504,,0.9999992847442627,1,0.41810768842697144,0.7997032403945923,0,0,0
505,,0.9999992847442627,1,0.41817185282707214,0.8007063865661621,0,0,0
506,,0.9999994039535522,1,0.4172252416610718,0.8029743432998657,0,0,0
507,,0.9999993443489075,1,0.4173802435398102,0.8036827445030212,0,0,0
508,,0.9999990463256836,1,0.4177159368991852,0.8064624667167664,0,0,0
509,,0.9999991059303284,1,0.4200640618801117,0.8087003231048584,0,0,0
510,,0.9999992847442627,1,0.4199678301811218,0.8076431155204773,0,0,0
511,,0.9999993443489075,1,0.4208310842514038,0.8088451623916626,0,0,0
512,,0.9999993443489075,1,0.4210352897644043,0.8089611530303955,0,0,0
513,,0.9999992847442627,1,0.4220687448978424,0.8045002818107605,0,0,0
514,,0.9999993443489075,1,0.42156800627708435,0.8038589954376221,0,0,0
515,,0.9999993443489075,1,0.4214090406894684,0.8013537526130676,0,0,0
516,,0.9999992251396179,1,0.42093080282211304,0.8007807731628418,0,0,0
517,,0.9999994039535522,1,0.4206937849521637,0.7974610328674316,0,0,0
518,,0.9999993443489075,1,0.41878819465637207,0.7964640259742737,0,0,0
519,,0.9995839595794678,1,0.41974279284477234,0.797232985496521,0,0,0
520,,0.9999991059303284,1,0.42034900188446045,0.7960869073867798,0,0,0
521,,0.9999992847442627,1,0.4210685193538666,0.7990458011627197,0,0,0
522,,0.999999463558197,1,0.42090409994125366,0.7980355024337769,0,0,0
523,,0.9999991655349731,1,0.41911765933036804,0.7961596846580505,0,0,0
524,,0.9999991059303284,1,0.4194871187210083,0.7970787882804871,0,0,0
525,,0.9999991059303284,1,0.41745978593826294,0.7980849742889404,0,0,0
526,,0.9999993443489075,1,0.41646936535835266,0.8002901673316956,0,0,0
527,,0.7244713306427002,1,0.4166387617588043,0.8007475733757019,0,0,0
528,,0.8738966584205627,1,0.4149041771888733,0.7999865412712097,0,0,0
529,,0.9999991059303284,1,0.41361770033836365,0.7984314560890198,0,0,0
530,,0.9999991655349731,1,0.4146920442581177,0.7965949177742004,0,0,0
531,,0.9999992847442627,1,0.41415274143218994,0.7978501915931702,0,0,0
532,,0.9999991059303284,1,0.41493237018585205,0.7995778918266296,0,0,0
533,,0.9874128103256226,1,0.41356563568115234,0.7967140078544617,0,0,0
534,,0.9999993443489075,1,0.41490036249160767,0.7968523502349854,0,0,0
535,,0.9999992847442627,1,0.41689425706863403,0.7972573041915894,0,0,0
536,,0.9999992251396179,1,0.41616109013557434,0.7973616123199463,0,0,0
537,,0.968666672706604,1,0.41789111495018005,0.7971459031105042,0,0,0
538,,0.8010031580924988,1,0.418704628944397,0.7964484095573425,0,0,0
539,,0.9999993443489075,1,0.4184081256389618,0.7970535159111023,0,0,0
540,,0.9999992847442627,1,0.4180518686771393,0.7932358980178833,0,0,0
541,,0.9999992847442627,1,0.41766297817230225,0.7933182120323181,0,0,0
542,,0.9999991059303284,1,0.4162675738334656,0.7925941944122314,0,0,0
543,,0.9999992251396179,1,0.41408446431159973,0.7929255962371826,0,0,0
544,,0.9999989867210388,1,0.41466474533081055,0.7930203676223755,0,0,0
545,,0.9999992251396179,1,0.4139595627784729,0.791733980178833,0,0,0
546,,0.9999991655349731,1,0.41367441415786743,0.7903874516487122,0,0,0
547,,0.9999993443489075,1,0.4132544696331024,0.7910993695259094,0,0,0
548,,0.9999992847442627,1,0.4142405688762665,0.7917616963386536,0,0,0
549,,0.9999991655349731,1,0.41334402561187744,0.7913714051246643,0,0,0
550,,0.8285267949104309,1,0.41295647621154785,0.7900105714797974,0,0,0
551,,0.9376229643821716,1,0.41270390152931213,0.789578378200531,0,0,0
552,,0.9999992251396179,1,0.4140525758266449,0.7867456078529358,0,0,0
553,,0.9999992251396179,1,0.4168965518474579,0.7860925793647766,0,0,0
554,,0.9999991059303284,1,0.41497036814689636,0.7846297025680542,0,0,0
555,,0.9999993443489075,1,0.41287118196487427,0.7869630455970764,0,0,0
556,,0.9999993443489075,1,0.41173288226127625,0.7880833148956299,0,0,0
557,,0.9999991655349731,1,0.41096219420433044,0.7863156795501709,0,0,0
558,,0.7962037920951843,1,0.411517471075058,0.7881518602371216,0,0,0
559,,0.9999991059303284,1,0.41030797362327576,0.7874211668968201,0,0,0
560,,0.9999992251396179,1,0.40903806686401367,0.7875404953956604,0,0,0
561,,0.9999991655349731,1,0.40940889716148376,0.7895048260688782,0,0,0
562,,0.9999992251396179,1,0.4072785973548889,0.7899190187454224,0,0,0
563,,0.9999991655349731,1,0.40573376417160034,0.7895526885986328,0,0,0
564,,0.9625762104988098,1,0.40649527311325073,0.7881394624710083,0,0,0
565,,0.9999993443489075,1,0.40655145049095154,0.785687267780304,0,0,0
566,,0.9999992847442627,1,0.4051540791988373,0.785120964050293,0,0,0
567,,0.948356032371521,1,0.4037434756755829,0.7872317433357239,0,0,0
568,,0.9999992251396179,1,0.4047337770462036,0.7873014807701111,0,0,0
569,,0.9999992251396179,1,0.4057253301143646,0.7856557369232178,0,0,0
570,,0.9999994039535522,1,0.40624451637268066,0.7858127355575562,0,0,0
571,,0.9999993443489075,1,0.40732038021087646,0.7872719168663025,0,0,0
572,,0.9764410257339478,1,0.4065375328063965,0.7877876162528992,0,0,0
573,,0.9999991059303284,1,0.4075686037540436,0.7876135110855103,0,0,0
574,,0.9999992847442627,1,0.4089963436126709,0.784802258014679,0,0,0
575,,0.9999992251396179,1,0.408709853887558,0.7831493616104126,0,0,0
576,,0.9999992847442627,1,0.40847405791282654,0.7843531370162964,0,0,0
577,,0.9999992847442627,1,0.4079097509384155,0.7870151996612549,0,0,0
578,,0.9999992251396179,1,0.40853655338287354,0.7877384424209595,0,0,0
579,,0.9999993443489075,1,0.4077552855014801,0.7887315154075623,0,0,0
580,,0.9999993443489075,1,0.4060051441192627,0.7879940271377563,0,0,0
581,,0.9999994039535522,1,0.4046711325645447,0.7874819040298462,0,0,0
582,,0.9999993443489075,1,0.4054572284221649,0.7905814051628113,0,0,0
583,,0.9999990463256836,1,0.40360236167907715,0.7917993068695068,0,0,0
584,,0.9999992251396179,1,0.403092622756958,0.7896589636802673,0,0,0
585,,0.9999993443489075,1,0.40240994095802307,0.7895627021789551,0,0,0
586,,0.9999992251396179,1,0.40182533860206604,0.7900114059448242,0,0,0
587,,0.9999992251396179,1,0.4016735851764679,0.7903327941894531,0,0,0
588,,0.9999991655349731,1,0.4015199542045593,0.7915278673171997,0,0,0
589,,0.9999991059303284,1,0.4023068845272064,0.7918575406074524,0,0,0
590,,0.9050182104110718,1,0.4018440544605255,0.7943940758705139,0,0,0
591,,0.9999991059303284,1,0.4016008675098419,0.7955498099327087,0,0,0
592,,0.9999991655349731,1,0.40199393033981323,0.795274019241333,0,0,0
593,,0.9999993443489075,1,0.4018488824367523,0.7952592968940735,0,0,0
594,,0.9999994039535522,1,0.40086397528648376,0.7946882843971252,0,0,0
595,,0.874535322189331,1,0.40026360750198364,0.7932597994804382,0,0,0
596,,0.9207324385643005,1,0.4010057747364044,0.7937373518943787,0,0,0
597,,0.9999991059303284,1,0.40151873230934143,0.7935248613357544,0,0,0
598,,0.9999991059303284,1,0.4006566107273102,0.7929925918579102,0,0,0
599,,0.8381869196891785,1,0.3989318013191223,0.7911235094070435,0,0,0
600,,0.9999992251396179,1,0.3996947109699249,0.7917377352714539,0,0,0
601,,0.9999993443489075,1,0.3978291153907776,0.7934601306915283,0,0,0
602,,0.9999993443489075,1,0.39856427907943726,0.7909479141235352,0,0,0
603,,0.9999990463256836,1,0.4000251591205597,0.7917115092277527,0,0,0
604,,0.9999992847442627,1,0.4016418755054474,0.7908204197883606,0,0,0
605,,0.9999992251396179,1,0.4020935893058777,0.7907401323318481,0,0,0
606,,0.9999990463256836,1,0.4024260640144348,0.7881181836128235,0,0,0
607,,0.9999992251396179,1,0.4010683596134186,0.7880594730377197,0,0,0
608,,0.9999992847442627,1,0.39914369583129883,0.7912407517433167,0,0,0
609,,0.9999992847442627,1,0.4011167287826538,0.7910553812980652,0,0,0
610,,0.9999992847442627,1,0.40026453137397766,0.7865938544273376,0,0,0
611,,0.9999991655349731,1,0.40039893984794617,0.7872251272201538,0,0,0
612,,0.9999991059303284,1,0.4005989134311676,0.7868436574935913,0,0,0
613,,0.9132357239723206,1,0.40012747049331665,0.7842526435852051,0,0,0
614,,0.999999463558197,1,0.40113094449043274,0.7854731678962708,0,0,0
615,,0.9999992251396179,1,0.40201935172080994,0.785146176815033,0,0,0
616,,0.9999992251396179,1,0.4020068347454071,0.7829349637031555,0,0,0
617,,0.9999992251396179,1,0.4023159146308899,0.77900630235672,0,0,0
618,,0.9999993443489075,1,0.4000665247440338,0.7783552408218384,0,0,0
619,,0.9999992847442627,1,0.4006483852863312,0.778464674949646,0,0,0
620,,0.9999994039535522,1,0.39985087513923645,0.7749617695808411,0,0,0
621,,0.9999994039535522,1,0.39960935711860657,0.7762622833251953,0,0,0
622,,0.9151079058647156,1,0.40010732412338257,0.7770084142684937,0,0,0
623,,0.9999990463256836,1,0.4014124870300293,0.7780071496963501,0,0,0
624,,0.9710432887077332,1,0.4013192355632782,0.7784372568130493,0,0,0
625,,0.9999992251396179,1,0.4015827476978302,0.7747544646263123,0,0,0
626,,0.9999990463256836,1,0.4034632742404938,0.7746526598930359,0,0,0
627,,0.9999992251396179,1,0.4037361741065979,0.7778709530830383,0,0,0
628,,0.999998927116394,1,0.4032473862171173,0.7759026288986206,0,0,0
629,,0.9976943731307983,1,0.4037727117538452,0.7739787101745605,0,0,0
630,,0.9999992251396179,1,0.40322935581207275,0.7735106348991394,0,0,0
631,,0.9999992847442627,1,0.40383216738700867,0.7727326154708862,0,0,0
632,,0.9999991655349731,1,0.4032804071903229,0.7732061147689819,0,0,0
633,,0.9999992251396179,1,0.402426153421402,0.7719166278839111,0,0,0
634,,0.9999991655349731,1,0.4017409384250641,0.7725329399108887,0,0,0
635,,0.9999995231628418,1,0.4028465151786804,0.773317813873291,0,0,0
636,,0.9999990463256836,1,0.40275099873542786,0.7742103338241577,0,0,0
637,,0.9999993443489075,1,0.40379318594932556,0.774426281452179,0,0,0
638,,0.9999994039535522,1,0.4034881591796875,0.7764940857887268,0,0,0
639,,0.9999992847442627,1,0.4028956890106201,0.7789108157157898,0,0,0
640,,0.9242053031921387,1,0.4023219347000122,0.7813223600387573,0,0,0
641,,0.7948155403137207,1,0.401727557182312,0.7840636968612671,0,0,0
642,,0.7894728183746338,1,0.4017491638660431,0.7840024828910828,0,0,0
643,,0.8873167037963867,1,0.40020087361335754,0.7839605212211609,0,0,0
644,,0.8136246204376221,1,0.39880821108818054,0.7821680307388306,0,0,0
645,,0.9409151077270508,1,0.39853835105895996,0.7802056670188904,0,0,0
646,,0.999999463558197,1,0.3980218470096588,0.7832379937171936,0,0,0
647,,0.9999994039535522,1,0.3988419771194458,0.7821957468986511,0,0,0
648,,0.9999991655349731,1,0.3983612656593323,0.7812698483467102,0,0,0
649,,0.9999992251396179,1,0.39875805377960205,0.7812741994857788,0,0,0
650,,0.9999993443489075,1,0.39951756596565247,0.7808566093444824,0,0,0
651,,0.9999991655349731,1,0.4000241458415985,0.7820960283279419,0,0,0
652,,0.9999993443489075,1,0.39960554242134094,0.7792038321495056,0,0,0
653,,0.9999991059303284,1,0.3988729417324066,0.7764192223548889,0,0,0
654,,0.999998927116394,1,0.3998308777809143,0.7773947715759277,0,0,0
655,,0.9999993443489075,1,0.3997471034526825,0.7799739837646484,0,0,0
656,,0.9999993443489075,1,0.39793747663497925,0.7796322703361511,0,0,0
657,,0.9999993443489075,1,0.39880725741386414,0.7800847887992859,0,0,0
658,,0.9999992251396179,1,0.39828935265541077,0.7812696099281311,0,0,0
659,,0.9999993443489075,1,0.3980902135372162,0.7823269367218018,0,0,0
660,,0.9999992847442627,1,0.3986191153526306,0.7819724678993225,0,0,0
661,,0.8174496293067932,1,0.3994293212890625,0.7811644673347473,0,0,0
662,,0.9237385392189026,1,0.39935025572776794,0.7798133492469788,0,0,0
663,,0.9999991655349731,1,0.3986458480358124,0.7756506204605103,0,0,0
664,,0.9999993443489075,1,0.3989715576171875,0.7733747363090515,0,0,0
665,,0.9999990463256836,1,0.39998823404312134,0.7737550735473633,0,0,0
666,,0.9999991059303284,1,0.3997933268547058,0.7743063569068909,0,0,0
667,,0.9999992847442627,1,0.3991083800792694,0.7722099423408508,0,0,0
668,,0.8532840013504028,1,0.39926180243492126,0.771529495716095,0,0,0
669,,0.9663262963294983,1,0.3984474837779999,0.7709600329399109,0,0,0
670,,0.9999991059303284,1,0.3971942365169525,0.7728484272956848,0,0,0
671,,0.9811463356018066,1,0.39552628993988037,0.7720009684562683,0,0,0
672,,0.9999992251396179,1,0.3948555588722229,0.7721024751663208,0,0,0
673,,0.815802276134491,1,0.39395058155059814,0.7728518843650818,0,0,0
674,,0.9291453957557678,1,0.39431044459342957,0.7745174169540405,0,0,0
675,,0.9999991059303284,1,0.3951677978038788,0.7767025828361511,0,0,0
676,,0.9999992847442627,1,0.39326658844947815,0.773659884929657,0,0,0
677,,0.9999992847442627,1,0.3931148052215576,0.7748796343803406,0,0,0
678,,0.9999992847442627,1,0.3926217555999756,0.7739285230636597,0,0,0
679,,0.9999989867210388,1,0.39273935556411743,0.774115800857544,0,0,0
680,,0.7283709049224854,1,0.3931315243244171,0.7733675837516785,0,0,0
681,,0.9999990463256836,1,0.3932031989097595,0.771655261516571,0,0,0
682,,0.9587180018424988,1,0.39238792657852173,0.7688425183296204,0,0,0
683,,0.9999992251396179,1,0.39351552724838257,0.7700241804122925,0,0,0
684,,0.9999992847442627,1,0.3947138488292694,0.7725086808204651,0,0,0
685,,0.9999990463256836,1,0.39621081948280334,0.7715887427330017,0,0,0
686,,0.8443027138710022,1,0.39644956588745117,0.7708271741867065,0,0,0
687,,0.8417519927024841,1,0.3965945541858673,0.7695562243461609,0,0,0
688,,0.9999992847442627,1,0.39859169721603394,0.7709909081459045,0,0,0
689,,0.9999992251396179,1,0.399244487285614,0.7723202109336853,0,0,0
690,,0.810749888420105,1,0.3984372019767761,0.7718598246574402,0,0,0
691,,0.9999991059303284,1,0.39784786105155945,0.7714038491249084,0,0,0
692,,0.9999991059303284,1,0.3973885178565979,0.7723092436790466,0,0,0
693,,0.8482477068901062,1,0.3986113369464874,0.772037148475647,0,0,0
694,,0.9999994039535522,1,0.39607858657836914,0.7686848640441895,0,0,0
695,,0.9999991655349731,1,0.3941263258457184,0.7666352987289429,0,0,0
696,,0.9999993443489075,1,0.394130676984787,0.766473114490509,0,0,0
697,,0.9999992847442627,1,0.39417046308517456,0.76605224609375,0,0,0
698,,0.9999991655349731,1,0.3940247893333435,0.7654740214347839,0,0,0
699,,0.9999994039535522,1,0.3937202990055084,0.7662871479988098,0,0,0
700,,0.9999992847442627,1,0.39082175493240356,0.7672519087791443,0,0,0
701,,0.9999993443489075,1,0.3925759494304657,0.7679940462112427,0,0,0
702,,0.9999992847442627,1,0.3938458561897278,0.7677611112594604,0,0,0
703,,0.9267885684967041,1,0.39226096868515015,0.7656581997871399,0,0,0
704,,0.9999993443489075,1,0.39267098903656006,0.764474630355835,0,0,0
705,,0.9999992251396179,1,0.39238882064819336,0.7645921111106873,0,0,0
706,,0.9999994039535522,1,0.39148396253585815,0.7616955041885376,0,0,0
707,,0.999999463558197,1,0.3920385539531708,0.760342001914978,0,0,0
708,,0.9999995231628418,1,0.3926616907119751,0.7630494832992554,0,0,0
709,,0.9999991655349731,1,0.39298000931739807,0.7615642547607422,0,0,0
710,,0.9999992847442627,1,0.39282530546188354,0.7593399286270142,0,0,0
711,,0.9999992251396179,1,0.3940160572528839,0.7598391771316528,0,0,0
712,,0.8118643760681152,1,0.3942323625087738,0.7603545784950256,0,0,0
713,,0.9772005677223206,1,0.3946623206138611,0.7588136196136475,0,0,0
714,,0.9999991655349731,1,0.39618438482284546,0.7581205368041992,0,0,0
715,,0.8016849756240845,1,0.39610838890075684,0.7571858763694763,0,0,0
716,,0.7202744483947754,1,0.39648279547691345,0.7568386197090149,0,0,0
717,,0.999998927116394,1,0.3963679075241089,0.7575045824050903,0,0,0
718,,0.9999991655349731,1,0.39519399404525757,0.7580017447471619,0,0,0
719,,0.9999993443489075,1,0.39445891976356506,0.7578749656677246,0,0,0
720,,0.9999992251396179,1,0.3951975107192993,0.7581080198287964,0,0,0
721,,0.9999993443489075,1,0.3942284882068634,0.7590670585632324,0,0,0
722,,0.9999992847442627,1,0.39361703395843506,0.760810375213623,0,0,0
723,,0.9999995231628418,1,0.3944905400276184,0.7620514631271362,0,0,0
724,,0.9999992251396179,1,0.39551863074302673,0.7614628076553345,0,0,0
725,,0.9999992847442627,1,0.396384596824646,0.7595282793045044,0,0,0
726,,0.9999991655349731,1,0.3954569399356842,0.7607795596122742,0,0,0
727,,0.9999992251396179,1,0.39567071199417114,0.7613831758499146,0,0,0
728,,0.9999992847442627,1,0.39588895440101624,0.7630134224891663,0,0,0
729,,0.9999992847442627,1,0.3943406045436859,0.7649061679840088,0,0,0
730,,0.9951025247573853,1,0.3944946527481079,0.7676039934158325,0,0,0
731,,0.99791020154953,1,0.39442887902259827,0.7667316794395447,0,0,0
732,,0.9999994039535522,1,0.3958909809589386,0.7665146589279175,0,0,0
733,,0.9999992847442627,1,0.39739662408828735,0.7685957551002502,0,0,0
734,,0.9999990463256836,1,0.3956725299358368,0.769463062286377,0,0,0
735,,0.9668810963630676,1,0.39450323581695557,0.7687058448791504,0,0,0
736,,0.9999991655349731,1,0.39371007680892944,0.7667012810707092,0,0,0
737,,0.9999993443489075,1,0.3960969150066376,0.7667809724807739,0,0,0
738,,0.9999992847442627,1,0.3965834081172943,0.7689502835273743,0,0,0
739,,0.999999463558197,1,0.39799991250038147,0.7688579559326172,0,0,0
740,,0.9999994039535522,1,0.3964996635913849,0.7658922076225281,0,0,0
741,,0.9999992251396179,1,0.3951871693134308,0.7655879855155945,0,0,0
742,,0.9999994039535522,1,0.3937718868255615,0.7623160481452942,0,0,0
743,,0.9999991655349731,1,0.39459478855133057,0.7633670568466187,0,0,0
744,,0.9999992847442627,1,0.3950994610786438,0.7624094486236572,0,0,0
745,,0.9999991059303284,1,0.39566320180892944,0.7603600025177002,0,0,0
746,,0.9999991655349731,1,0.39544105529785156,0.759198009967804,0,0,0
747,,0.9999992251396179,1,0.3951398730278015,0.7597514986991882,0,0,0
748,,0.9999993443489075,1,0.3950214087963104,0.7601425647735596,0,0,0
749,,0.9999993443489075,1,0.3937762379646301,0.7581599354743958,0,0,0
750,,0.9999991059303284,1,0.3934440016746521,0.7580969929695129,0,0,0
751,,0.9999992251396179,1,0.3938504159450531,0.7562182545661926,0,0,0
752,,0.9999993443489075,1,0.3943837285041809,0.753687858581543,0,0,0
753,,0.9999990463256836,1,0.3954344391822815,0.752808690071106,0,0,0
754,,0.9999992847442627,1,0.39572060108184814,0.7535192370414734,0,0,0
755,,0.9999992847442627,1,0.3945291042327881,0.7574086785316467,0,0,0
756,,0.9999991059303284,1,0.3936295211315155,0.7599416971206665,0,0,0
757,,0.9999992251396179,1,0.39264652132987976,0.7611645460128784,0,0,0
758,,0.9999993443489075,1,0.39051899313926697,0.7606379985809326,0,0,0
759,,0.9999992847442627,1,0.39045897126197815,0.7608254551887512,0,0,0
760,,0.9999991059303284,1,0.3886968493461609,0.76214200258255,0,0,0
761,,0.9999992251396179,1,0.38844576478004456,0.7624084949493408,0,0,0
762,,0.9999993443489075,1,0.38969331979751587,0.7626204490661621,0,0,0
763,,0.9328417778015137,1,0.3897215723991394,0.7618536353111267,0,0,0
764,,0.9999991655349731,1,0.39169830083847046,0.7626545429229736,0,0,0
765,,0.9999991655349731,1,0.3924744427204132,0.7619958519935608,0,0,0
766,,0.9999992251396179,1,0.39263710379600525,0.7628136873245239,0,0,0
767,,0.999999463558197,1,0.392818421125412,0.7632476687431335,0,0,0
768,,0.9999992251396179,1,0.39208507537841797,0.7642514705657959,0,0,0
769,,0.9999989867210388,1,0.3926244378089905,0.7633719444274902,0,0,0
770,,0.9999992847442627,1,0.3925149440765381,0.7637783885002136,0,0,0
771,,0.9999992847442627,1,0.3928537368774414,0.7666719555854797,0,0,0
772,,0.9999992251396179,1,0.39465251564979553,0.7677600383758545,0,0,0
773,,0.9999993443489075,1,0.39470380544662476,0.7662330865859985,0,0,0
774,,0.9999994039535522,1,0.3940584063529968,0.768100917339325,0,0,0
775,,0.8161860108375549,1,0.39449283480644226,0.7675614953041077,0,0,0
776,,0.9999990463256836,1,0.3919595181941986,0.7663885354995728,0,0,0
777,,0.9999993443489075,1,0.3902432918548584,0.7660461664199829,0,0,0
778,,0.8244571685791016,1,0.3909851610660553,0.7654345631599426,0,0,0
779,,0.9999992251396179,1,0.39025813341140747,0.7647109031677246,0,0,0
780,,0.9999991059303284,1,0.38975104689598083,0.7673159241676331,0,0,0
781,,0.9999994039535522,1,0.3900689482688904,0.7656124234199524,0,0,0
782,,0.9999993443489075,1,0.39039647579193115,0.7659140825271606,0,0,0
783,,0.9999992847442627,1,0.3910124599933624,0.7667186260223389,0,0,0
784,,0.9999991655349731,1,0.39116355776786804,0.7683510780334473,0,0,0
785,,0.9999991655349731,1,0.3937978744506836,0.769850492477417,0,0,0
786,,0.9999992847442627,1,0.3935885727405548,0.7714855074882507,0,0,0
787,,0.9999992847442627,1,0.39051586389541626,0.771926760673523,0,0,0
788,,0.9598509669303894,1,0.3898799419403076,0.771259605884552,0,0,0
789,,0.9999990463256836,1,0.3898453414440155,0.7743918299674988,0,0,0
790,,0.7455940246582031,1,0.390231192111969,0.7738007307052612,0,0,0
791,,0.9999990463256836,1,0.3904722034931183,0.7726127505302429,0,0,0
792,,0.9999993443489075,1,0.39014342427253723,0.7712888717651367,0,0,0
793,,0.9999991655349731,1,0.38894933462142944,0.7702521681785583,0,0,0
794,,0.9999993443489075,1,0.38980910181999207,0.7695712447166443,0,0,0
795,,0.9999991655349731,1,0.3900453746318817,0.7681518197059631,0,0,0
796,,0.9999995231628418,1,0.3896852433681488,0.7686372399330139,0,0,0
797,,0.9999995231628418,1,0.389587938785553,0.7675548195838928,0,0,0
798,,0.9999992251396179,1,0.3907272517681122,0.7652132511138916,0,0,0
799,,0.9999991059303284,1,0.393257737159729,0.766691267490387,0,0,0
800,,0.5747426152229309,1,0.39376917481422424,0.7669277191162109,0,0,0
801,,0.8382619619369507,1,0.3930753767490387,0.7676177620887756,0,0,0
802,,0.9999991655349731,1,0.3911413848400116,0.7658898830413818,0,0,0
803,,0.9999991059303284,1,0.390880823135376,0.7658469676971436,0,0,0
804,,0.9999992251396179,1,0.3914499878883362,0.7676297426223755,0,0,0
805,,0.852595865726471,1,0.39124396443367004,0.7684423327445984,0,0,0
806,,0.8174614310264587,1,0.3896186649799347,0.7687035799026489,0,0,0
807,,0.8942253589630127,1,0.38891202211380005,0.7686061859130859,0,0,0
808,,0.9999991059303284,1,0.3882879614830017,0.7694799304008484,0,0,0
809,,0.9999992847442627,1,0.38675421476364136,0.771449863910675,0,0,0
810,,0.9999992251396179,1,0.3858819901943207,0.7734963297843933,0,0,0
811,,0.9999992251396179,1,0.38482698798179626,0.7767672538757324,0,0,0
812,,0.9999992847442627,1,0.3840940594673157,0.7768020629882812,0,0,0
813,,0.9999992847442627,1,0.38569292426109314,0.7775355577468872,0,0,0
814,,0.9999992847442627,1,0.38552916049957275,0.7755458354949951,0,0,0
815,,0.9999991059303284,1,0.386115700006485,0.7721481919288635,0,0,0
816,,0.9999992251396179,1,0.38291993737220764,0.7716467380523682,0,0,0
817,,0.9999995231628418,1,0.38178303837776184,0.7702226638793945,0,0,0
818,,0.9367846250534058,1,0.38203755021095276,0.769416093826294,0,0,0
819,,0.9999991655349731,1,0.3824990391731262,0.7694318890571594,0,0,0
820,,0.7725967168807983,1,0.382398396730423,0.7710021734237671,0,0,0
821,,0.9999992251396179,1,0.38093310594558716,0.7724792957305908,0,0,0
822,,0.5395482778549194,1,0.3809506297111511,0.7728069424629211,0,0,0
823,,0.9999991059303284,1,0.3814506232738495,0.7727144956588745,0,0,0
824,,0.9999994039535522,1,0.38003024458885193,0.774228036403656,0,0,0
825,,0.999999463558197,1,0.3812325894832611,0.7745635509490967,0,0,0
826,,0.9999993443489075,1,0.3814485967159271,0.7774527668952942,0,0,0
827,,0.9999992847442627,1,0.3832305669784546,0.777648389339447,0,0,0
828,,0.9999994039535522,1,0.3819758892059326,0.7783797383308411,0,0,0
829,,0.9999991655349731,1,0.3811996281147003,0.7760289311408997,0,0,0
830,,0.9999992251396179,1,0.3822984993457794,0.7772572636604309,0,0,0
831,,0.999999463558197,1,0.38214200735092163,0.7782256603240967,0,0,0
832,,0.9999992251396179,1,0.38157904148101807,0.7802862524986267,0,0,0
833,,0.9999992251396179,1,0.3814224302768707,0.7780804634094238,0,0,0
834,,0.9999994039535522,1,0.3820949196815491,0.7777122259140015,0,0,0
835,,0.9999992251396179,1,0.3820800483226776,0.7779064178466797,0,0,0
836,,0.9999993443489075,1,0.38318052887916565,0.7770176529884338,0,0,0
837,,0.9851281642913818,1,0.38376036286354065,0.7764775156974792,0,0,0
838,,0.9999995231628418,1,0.3844323754310608,0.7738621234893799,0,0,0
839,,0.9999994039535522,1,0.3833661377429962,0.7744355201721191,0,0,0
840,,0.9999992847442627,1,0.38289713859558105,0.7764573693275452,0,0,0
841,,0.9999993443489075,1,0.38425421714782715,0.7750809192657471,0,0,0
842,,0.9999994039535522,1,0.38711825013160706,0.7744231224060059,0,0,0
843,,0.9999993443489075,1,0.38861283659935,0.7724058032035828,0,0,0
844,,0.9999993443489075,1,0.3898726999759674,0.7722189426422119,0,0,0
845,,0.9999993443489075,1,0.39081400632858276,0.772595226764679,0,0,0
846,,0.9999994039535522,1,0.39119401574134827,0.7704967260360718,0,0,0
847,,0.9999989867210388,1,0.3911439776420593,0.7689199447631836,0,0,0
848,,0.9999992847442627,1,0.39168232679367065,0.7684652805328369,0,0,0
849,,0.9999993443489075,1,0.3923213481903076,0.7662320733070374,0,0,0
850,,0.9999991059303284,1,0.39114052057266235,0.7655047178268433,0,0,0
851,,0.9999992251396179,1,0.3901747763156891,0.76486736536026,0,0,0
852,,0.9999992251396179,1,0.39032304286956787,0.7644516229629517,0,0,0
853,,0.9999992251396179,1,0.38718757033348083,0.7650193572044373,0,0,0
854,,0.9999991655349731,1,0.3869642913341522,0.7656289935112,0,0,0
855,,0.9999993443489075,1,0.38689711689949036,0.7628889679908752,0,0,0
856,,0.9999992847442627,1,0.38701993227005005,0.7627977728843689,0,0,0
857,,0.9999991655349731,1,0.38668546080589294,0.7594472765922546,0,0,0
858,,0.9999991059303284,1,0.3879648745059967,0.7573708891868591,0,0,0
859,,0.9999992847442627,1,0.3887852728366852,0.7589079737663269,0,0,0
860,,0.9999993443489075,1,0.38733309507369995,0.7606721520423889,0,0,0
861,,0.9999993443489075,1,0.38867732882499695,0.760340690612793,0,0,0
862,,0.9999992847442627,1,0.3891678750514984,0.7617297172546387,0,0,0
863,,0.9999994039535522,1,0.3892076909542084,0.7636690139770508,0,0,0
864,,0.9999994039535522,1,0.3912738561630249,0.7649846076965332,0,0,0
865,,0.9999991059303284,1,0.3887396454811096,0.7667079567909241,0,0,0
866,,0.9999992847442627,1,0.38707664608955383,0.767399251461029,0,0,0
867,,0.999999463558197,1,0.3868841528892517,0.7704362273216248,0,0,0
868,,0.9999991059303284,1,0.3851601183414459,0.7700775265693665,0,0,0
869,,0.9999992251396179,1,0.3861736059188843,0.7717114686965942,0,0,0
870,,0.9999991655349731,1,0.3861185908317566,0.7724557518959045,0,0,0
871,,0.9999992847442627,1,0.3858655095100403,0.7692806124687195,0,0,0
872,,0.9999994039535522,1,0.38667911291122437,0.7678766846656799,0,0,0
873,,0.9999993443489075,1,0.38609790802001953,0.7660280466079712,0,0,0
874,,0.9999991059303284,1,0.38578951358795166,0.7626304626464844,0,0,0
875,,0.9999992251396179,1,0.3836464583873749,0.7625424265861511,0,0,0
876,,0.9999994039535522,1,0.38352668285369873,0.760246753692627,0,0,0
877,,0.9999995231628418,1,0.38300129771232605,0.7592707276344299,0,0,0
878,,0.9999992251396179,1,0.3842962086200714,0.7568867206573486,0,0,0
879,,0.9999991655349731,1,0.38531652092933655,0.7587592601776123,0,0,0
880,,0.9999993443489075,1,0.384884774684906,0.7580203413963318,0,0,0
881,,0.9999993443489075,1,0.38228118419647217,0.7573264241218567,0,0,0
882,,0.9999992847442627,1,0.38183698058128357,0.7550567984580994,0,0,0
883,,0.999999463558197,1,0.3810681104660034,0.7531052827835083,0,0,0
884,,0.9999992847442627,1,0.3804089426994324,0.7495731711387634,0,0,0
885,,0.9999993443489075,1,0.37980368733406067,0.7486457824707031,0,0,0
886,,0.9999993443489075,1,0.3797237277030945,0.7493717074394226,0,0,0
887,,0.9999993443489075,1,0.38156139850616455,0.7491499185562134,0,0,0
888,,0.9999992251396179,1,0.3825651705265045,0.7490441203117371,0,0,0
889,,0.9999991655349731,1,0.38284289836883545,0.7488080263137817,0,0,0
890,,0.9272744655609131,1,0.38219180703163147,0.7488663792610168,0,0,0
891,,0.9999992251396179,1,0.38261109590530396,0.7494457960128784,0,0,0
892,,0.7709127068519592,1,0.3827783167362213,0.7486633658409119,0,0,0
893,,0.9999989867210388,1,0.38151615858078003,0.7458637952804565,0,0,0
894,,0.9999994039535522,1,0.38183990120887756,0.7454183101654053,0,0,0
895,,0.9999993443489075,1,0.3806569278240204,0.7416609525680542,0,0,0
896,,0.9939450025558472,1,0.3796868622303009,0.7405292987823486,0,0,0
897,,0.999999463558197,1,0.3799341022968292,0.7417990565299988,0,0,0
898,,0.9999992847442627,1,0.3804202675819397,0.744347870349884,0,0,0
899,,0.784185528755188,1,0.3813939094543457,0.7451898455619812,0,0,0
900,,0.9099331498146057,1,0.38084328174591064,0.7472794055938721,0,0,0
901,,0.9999992251396179,1,0.3821864128112793,0.748669445514679,0,0,0
902,,0.9999992251396179,1,0.3844805359840393,0.7467458844184875,0,0,0
903,,0.9999992847442627,1,0.3853512406349182,0.7473992705345154,0,0,0
904,,0.9999991655349731,1,0.38634830713272095,0.7470875978469849,0,0,0
905,,0.9448599219322205,1,0.3868304193019867,0.7466346621513367,0,0,0
906,,0.9999991655349731,1,0.3855223059654236,0.7478035688400269,0,0,0
907,,0.9999991655349731,1,0.38641059398651123,0.7513022422790527,0,0,0
908,,0.9999992847442627,1,0.3868754804134369,0.7504284977912903,0,0,0
909,,0.9999991655349731,1,0.38847389817237854,0.7486463189125061,0,0,0
910,,0.9999992251396179,1,0.38941267132759094,0.7486677169799805,0,0,0
911,,0.9999992847442627,1,0.3903522193431854,0.7470880150794983,0,0,0
912,,0.9999990463256836,1,0.390380859375,0.7485150694847107,0,0,0
913,,0.9999994039535522,1,0.38886046409606934,0.7486670613288879,0,0,0
914,,0.9999993443489075,1,0.3883990943431854,0.7478983998298645,0,0,0
915,,0.9999991059303284,1,0.3882315754890442,0.7491134405136108,0,0,0
916,,0.9111884832382202,1,0.3870733380317688,0.7497864365577698,0,0,0
917,,0.9999991655349731,1,0.3860003650188446,0.7521597743034363,0,0,0
918,,0.903404951095581,1,0.3854604661464691,0.752440869808197,0,0,0
919,,0.9267067313194275,1,0.3867338001728058,0.7515299916267395,0,0,0
920,,0.8391355276107788,1,0.38670769333839417,0.7514356970787048,0,0,0
921,,0.9999990463256836,1,0.38573920726776123,0.751315176486969,0,0,0
922,,0.9247786998748779,1,0.38375771045684814,0.7509220242500305,0,0,0
923,,0.9999992251396179,1,0.38419923186302185,0.749817430973053,0,0,0
924,,0.9999991655349731,1,0.385564386844635,0.7484579682350159,0,0,0
925,,0.8050031065940857,1,0.38598352670669556,0.7476405501365662,0,0,0
926,,0.917850911617279,1,0.38515496253967285,0.7470182776451111,0,0,0
927,,0.9999992847442627,1,0.38521909713745117,0.7441248297691345,0,0,0
928,,0.9999992251396179,1,0.38602158427238464,0.7429810166358948,0,0,0
929,,0.9999990463256836,1,0.38513892889022827,0.7431188225746155,0,0,0
930,,0.9999993443489075,1,0.384376585483551,0.7428690791130066,0,0,0
931,,0.9999993443489075,1,0.38311126828193665,0.7411440014839172,0,0,0
932,,0.8648965358734131,1,0.382912278175354,0.7401849031448364,0,0,0
933,,0.9999990463256836,1,0.3815111219882965,0.7399514317512512,0,0,0
934,,0.9999992251396179,1,0.3798372149467468,0.7375863790512085,0,0,0
935,,0.9999991655349731,1,0.3782956898212433,0.7360340356826782,0,0,0
936,,0.9999992251396179,1,0.37635669112205505,0.7400637865066528,0,0,0
937,,0.9999991655349731,1,0.37593111395835876,0.7424799799919128,0,0,0
938,,0.9999994039535522,1,0.3771367073059082,0.7423630952835083,0,0,0
939,,0.9999991059303284,1,0.37808722257614136,0.7426228523254395,0,0,0
940,,0.9370759129524231,1,0.37863683700561523,0.7417997717857361,0,0,0
941,,0.9999992251396179,1,0.3775591552257538,0.7438363432884216,0,0,0
942,,0.9999991059303284,1,0.3766860067844391,0.7434090375900269,0,0,0
943,,0.9110044836997986,1,0.37705355882644653,0.7429503202438354,0,0,0
944,,0.9593656063079834,1,0.3791469931602478,0.7420169115066528,0,0,0
945,,0.9999992847442627,1,0.38110312819480896,0.741461992263794,0,0,0
946,,0.9999991655349731,1,0.37978583574295044,0.7402125000953674,0,0,0
947,,0.9999991655349731,1,0.3786735236644745,0.7390503287315369,0,0,0
948,,0.9999993443489075,1,0.37974756956100464,0.739922821521759,0,0,0
949,,0.9999991059303284,1,0.3796546161174774,0.741039514541626,0,0,0
950,,0.999999463558197,1,0.3795655071735382,0.7413983345031738,0,0,0
951,,0.7593392133712769,1,0.3778754472732544,0.7412915229797363,0,0,0
952,,0.9999989867210388,1,0.37783393263816833,0.7396117448806763,0,0,0
953,,0.9999991655349731,1,0.37620896100997925,0.7395206093788147,0,0,0
954,,0.9999993443489075,1,0.37718212604522705,0.7398033142089844,0,0,0
955,,0.999999463558197,1,0.3769538402557373,0.7377642393112183,0,0,0
956,,0.9999991655349731,1,0.3764139413833618,0.7374305725097656,0,0,0
957,,0.9999993443489075,1,0.37790647149086,0.7355318665504456,0,0,0
958,,0.9999989867210388,1,0.37804117798805237,0.7345590591430664,0,0,0
959,,0.9999991655349731,1,0.37839195132255554,0.7351900935173035,0,0,0
960,,0.9999991059303284,1,0.3783538341522217,0.7358402609825134,0,0,0
961,,0.806584358215332,1,0.37855398654937744,0.7353273034095764,0,0,0
962,,0.9999991655349731,1,0.37844184041023254,0.731957197189331,0,0,0
963,,0.9793028235435486,1,0.37966641783714294,0.7294826507568359,0,0,0
964,,0.8099165558815002,1,0.37886056303977966,0.7297422885894775,0,0,0
965,,0.9999991059303284,1,0.37940603494644165,0.7302690744400024,0,0,0
966,,0.9999992847442627,1,0.37919390201568604,0.7294639945030212,0,0,0
967,,0.9999992251396179,1,0.3785114884376526,0.7289608716964722,0,0,0
968,,0.9999994039535522,1,0.3790852725505829,0.7281987071037292,0,0,0
969,,0.9999992251396179,1,0.37700673937797546,0.7295249700546265,0,0,0
970,,0.9999991655349731,1,0.37583035230636597,0.7271482348442078,0,0,0
971,,0.9999993443489075,1,0.37339505553245544,0.725739061832428,0,0,0
972,,0.7430626749992371,1,0.37373846769332886,0.7260944843292236,0,0,0
973,,0.9508514404296875,1,0.37441766262054443,0.7258691787719727,0,0,0
974,,0.9810982942581177,1,0.3740173280239105,0.7259362936019897,0,0,0
975,,0.9169256687164307,1,0.37501612305641174,0.7266288995742798,0,0,0
976,,0.9999991059303284,1,0.37413454055786133,0.7265588045120239,0,0,0
977,,0.9999991059303284,1,0.3748749792575836,0.7273447513580322,0,0,0
978,,0.9999991655349731,1,0.3763725161552429,0.7289649844169617,0,0,0
979,,0.9999992251396179,1,0.378261923789978,0.7271420359611511,0,0,0
980,,0.9999991059303284,1,0.3787866234779358,0.7267385721206665,0,0,0
981,,0.9999991655349731,1,0.3775506019592285,0.7266677021980286,0,0,0
982,,0.9999989867210388,1,0.3766569495201111,0.7247302532196045,0,0,0
983,,0.9999990463256836,1,0.37614595890045166,0.7239829301834106,0,0,0
984,,0.9999991655349731,1,0.3770391345024109,0.7239647507667542,0,0,0
985,,0.9999992847442627,1,0.3778902590274811,0.7239204049110413,0,0,0
986,,0.7835413813591003,1,0.3777065873146057,0.7232763767242432,0,0,0
987,,0.9999991059303284,1,0.37763476371765137,0.7239794135093689,0,0,0
988,,0.9543766975402832,1,0.37850815057754517,0.7237677574157715,0,0,0
989,,0.9999991655349731,1,0.3788214325904846,0.7257915139198303,0,0,0
990,,0.9999991655349731,1,0.377478688955307,0.7292980551719666,0,0,0
991,,0.9999992251396179,1,0.3774603605270386,0.7297772765159607,0,0,0
992,,0.9999992251396179,1,0.37688735127449036,0.7303908467292786,0,0,0
993,,0.9999992847442627,1,0.3775915801525116,0.7306843400001526,0,0,0
994,,0.9999992251396179,1,0.3770637512207031,0.7311004996299744,0,0,0
995,,0.9999992847442627,1,0.378467857837677,0.7295143604278564,0,0,0
996,,0.9999992847442627,1,0.37886011600494385,0.7285270690917969,0,0,0
997,,0.9999991655349731,1,0.37863171100616455,0.7269710898399353,0,0,0
998,,0.9999991655349731,1,0.38028132915496826,0.7283218502998352,0,0,0
999,,0.9999991655349731,1,0.3817065954208374,0.7300061583518982,0,0,0
1000,,0.9999992847442627,1,0.38326871395111084,0.7316781282424927,0,0,0
1001,,0.9999991655349731,1,0.3819238543510437,0.7342296242713928,0,0,0
1002,,0.9999989867210388,1,0.3844611942768097,0.7333224415779114,0,0,0
1003,,0.9999992847442627,1,0.3848341107368469,0.7353750467300415,0,0,0
1004,,0.9999991059303284,1,0.38636356592178345,0.7352733612060547,0,0,0
1005,,0.9999989867210388,1,0.38781219720840454,0.7338481545448303,0,0,0
1006,,0.9999992847442627,1,0.3888729214668274,0.732870876789093,0,0,0
1007,,0.9999993443489075,1,0.3888229727745056,0.7338663935661316,0,0,0
1008,,0.9999993443489075,1,0.3886033594608307,0.7354617714881897,0,0,0
1009,,0.9999992847442627,1,0.3883717656135559,0.7378355264663696,0,0,0
1010,,0.9999992847442627,1,0.38880765438079834,0.7351678609848022,0,0,0
1011,,0.9999992251396179,1,0.3896518349647522,0.7348732352256775,0,0,0
1012,,0.9999992847442627,1,0.3901617228984833,0.7343960404396057,0,0,0
1013,,0.9999993443489075,1,0.38952648639678955,0.7333718538284302,0,0,0
1014,,0.9999992847442627,1,0.3884493410587311,0.732286274433136,0,0,0
1015,,0.9999992251396179,1,0.38960617780685425,0.7333914041519165,0,0,0
1016,,0.7452070713043213,1,0.38980138301849365,0.7343353629112244,0,0,0
1017,,0.9999989867210388,1,0.3898921608924866,0.7342714667320251,0,0,0
1018,,0.9999991059303284,1,0.38977164030075073,0.7360142469406128,0,0,0
1019,,0.9999992251396179,1,0.3903161585330963,0.734904408454895,0,0,0
1020,,0.9999991655349731,1,0.38974830508232117,0.734902024269104,0,0,0
1021,,0.7904756665229797,1,0.38893336057662964,0.7341585755348206,0,0,0
1022,,0.9999991059303284,1,0.38720595836639404,0.733546793460846,0,0,0
1023,,0.9999991655349731,1,0.3851225972175598,0.7343757152557373,0,0,0
1024,,0.9999991059303284,1,0.3842461109161377,0.7338899970054626,0,0,0
1025,,0.9999994039535522,1,0.3843940794467926,0.7343717217445374,0,0,0
1026,,0.7304348349571228,1,0.3846498429775238,0.7350285649299622,0,0,0
1027,,0.9999990463256836,1,0.3837831914424896,0.7369661927223206,0,0,0
1028,,0.9999991059303284,1,0.38261228799819946,0.7364869117736816,0,0,0
1029,,0.9999992847442627,1,0.38170507550239563,0.7360418438911438,0,0,0
1030,,0.9999992251396179,1,0.38248294591903687,0.7372729778289795,0,0,0
1031,,0.9999993443489075,1,0.3833477199077606,0.7393841743469238,0,0,0
1032,,0.9999992251396179,1,0.3841373920440674,0.7382903695106506,0,0,0
1033,,0.9999992251396179,1,0.3829970359802246,0.739006757736206,0,0,0
1034,,0.9999990463256836,1,0.3820691406726837,0.7393611669540405,0,0,0
1035,,0.6676015257835388,1,0.3821934461593628,0.7380350232124329,0,0,0
1036,,0.9764032959938049,1,0.38276976346969604,0.7391533255577087,0,0,0
1037,,0.9999992847442627,1,0.3823467195034027,0.7420651316642761,0,0,0
1038,,0.7513094544410706,1,0.38305994868278503,0.7424501776695251,0,0,0
1039,,0.9474835395812988,1,0.38359513878822327,0.7412910461425781,0,0,0
1040,,0.9999991059303284,1,0.3839627504348755,0.7384772300720215,0,0,0
1041,,0.9999990463256836,1,0.38258492946624756,0.7366434931755066,0,0,0
1042,,0.9999991655349731,1,0.38131457567214966,0.7353530526161194,0,0,0
1043,,0.9999994039535522,1,0.3802435100078583,0.7353715896606445,0,0,0
1044,,0.9999993443489075,1,0.3820081651210785,0.7340801358222961,0,0,0
1045,,0.9999992251396179,1,0.38360750675201416,0.7336132526397705,0,0,0
1046,,0.9756274223327637,1,0.38239914178848267,0.7330172657966614,0,0,0
1047,,0.9999994039535522,1,0.3826221525669098,0.7315788865089417,0,0,0
1048,,0.9999993443489075,1,0.3829737901687622,0.7315641641616821,0,0,0
1049,,0.9999991655349731,1,0.382181316614151,0.7308642864227295,0,0,0
1050,,0.9999992251396179,1,0.38248270750045776,0.7323623895645142,0,0,0
1051,,0.9999992251396179,1,0.3833068907260895,0.7344416379928589,0,0,0
1052,,0.9999991059303284,1,0.3848218619823456,0.7336379885673523,0,0,0
1053,,0.9999991655349731,1,0.3851752281188965,0.7322967052459717,0,0,0
1054,,0.8453314304351807,1,0.3846968710422516,0.7318819761276245,0,0,0
1055,,0.8706398606300354,1,0.38479676842689514,0.7314717769622803,0,0,0
1056,,0.9999991655349731,1,0.3854178488254547,0.7312597036361694,0,0,0
1057,,0.9999994039535522,1,0.3856174647808075,0.7342376112937927,0,0,0
1058,,0.9999992251396179,1,0.38643956184387207,0.7351269721984863,0,0,0
1059,,0.9999993443489075,1,0.38579195737838745,0.7371613383293152,0,0,0
1060,,0.9999991059303284,1,0.38573509454727173,0.7373746633529663,0,0,0
1061,,0.9999993443489075,1,0.38697299361228943,0.738923192024231,0,0,0
1062,,0.9999991059303284,1,0.3867582082748413,0.7380354404449463,0,0,0
1063,,0.999999463558197,1,0.38543984293937683,0.7375587821006775,0,0,0
1064,,0.9999991059303284,1,0.3846915662288666,0.7369519472122192,0,0,0
1065,,0.9999991059303284,1,0.3843020796775818,0.7352813482284546,0,0,0
1066,,0.9999992847442627,1,0.3835306465625763,0.7343453764915466,0,0,0
1067,,0.9999992251396179,1,0.3815961182117462,0.7347204089164734,0,0,0
1068,,0.9999992847442627,1,0.3806387782096863,0.733590304851532,0,0,0
1069,,0.9999992251396179,1,0.37952205538749695,0.7320002317428589,0,0,0
1070,,0.9999991059303284,1,0.38016417622566223,0.730676531791687,0,0,0
1071,,0.9999994039535522,1,0.3799501061439514,0.7304077744483948,0,0,0
1072,,0.9999994039535522,1,0.3798169791698456,0.7303094863891602,0,0,0
1073,,0.9999993443489075,1,0.38191160559654236,0.7315965294837952,0,0,0
1074,,0.9999992251396179,1,0.3823249936103821,0.7332748174667358,0,0,0
1075,,0.9999993443489075,1,0.3834869861602783,0.7312685251235962,0,0,0
1076,,0.9999991059303284,1,0.3838632106781006,0.7313860058784485,0,0,0
1077,,0.9999992847442627,1,0.38190940022468567,0.7314032316207886,0,0,0
1078,,0.9999991655349731,1,0.3803826868534088,0.7329205870628357,0,0,0
1079,,0.9999991655349731,1,0.38055655360221863,0.7326551675796509,0,0,0
1080,,0.9999991059303284,1,0.3830919861793518,0.7310057878494263,0,0,0
1081,,0.9203424453735352,1,0.3831769824028015,0.7308052182197571,0,0,0
1082,,0.9999991059303284,1,0.3830427825450897,0.7291797399520874,0,0,0
1083,,0.9999992847442627,1,0.3837498128414154,0.7295869588851929,0,0,0
1084,,0.9999989867210388,1,0.3845900595188141,0.7290436625480652,0,0,0
1085,,0.9999994039535522,1,0.38288769125938416,0.7291367053985596,0,0,0
1086,,0.9999990463256836,1,0.38369491696357727,0.7291626930236816,0,0,0
1087,,0.8869038820266724,1,0.3837711215019226,0.7288757562637329,0,0,0
1088,,0.9624062180519104,1,0.3834439814090729,0.7274071574211121,0,0,0
1089,,0.9999991655349731,1,0.3834899365901947,0.7292523980140686,0,0,0
1090,,0.8953824043273926,1,0.3842978775501251,0.730512797832489,0,0,0
1091,,0.9999992251396179,1,0.3853324353694916,0.7311052083969116,0,0,0
1092,,0.9999991059303284,1,0.38742899894714355,0.7322846055030823,0,0,0
1093,,0.9479879140853882,1,0.3879357576370239,0.7341031432151794,0,0,0
1094,,0.9999992251396179,1,0.38606563210487366,0.7369871735572815,0,0,0
1095,,0.737888514995575,1,0.38632747530937195,0.7377070784568787,0,0,0
1096,,0.9999991655349731,1,0.38673046231269836,0.7381502985954285,0,0,0
1097,,0.9999992847442627,1,0.3890167772769928,0.7382967472076416,0,0,0
1098,,0.9999991059303284,1,0.38986918330192566,0.7380079030990601,0,0,0
1099,,0.9999992251396179,1,0.3896990716457367,0.7362257838249207,0,0,0
1100,,0.9999994039535522,1,0.3876674175262451,0.7349607944488525,0,0,0
1101,,0.999998927116394,1,0.3877168297767639,0.7330653071403503,0,0,0
1102,,0.9999993443489075,1,0.3871914744377136,0.7328680157661438,0,0,0
1103,,0.999999463558197,1,0.3876149654388428,0.7360981702804565,0,0,0
1104,,0.9999993443489075,1,0.39004313945770264,0.7352766394615173,0,0,0
1105,,0.9999991655349731,1,0.3893018066883087,0.7380979657173157,0,0,0
1106,,0.9999992847442627,1,0.38826969265937805,0.7394077777862549,0,0,0
1107,,0.9999994039535522,1,0.38674381375312805,0.7361024618148804,0,0,0
1108,,0.9999994039535522,1,0.38855603337287903,0.7359983325004578,0,0,0
1109,,0.9999992847442627,1,0.38761430978775024,0.7372775673866272,0,0,0
1110,,0.9999992847442627,1,0.3874395787715912,0.7370061278343201,0,0,0
1111,,0.9999991059303284,1,0.38647574186325073,0.737655520439148,0,0,0
1112,,0.9999990463256836,1,0.38756993412971497,0.7371596097946167,0,0,0
1113,,0.9999991655349731,1,0.3857139050960541,0.734535276889801,0,0,0
1114,,0.9999994039535522,1,0.38411015272140503,0.7334867715835571,0,0,0
1115,,0.9999993443489075,1,0.3852944076061249,0.7322087287902832,0,0,0
1116,,0.9999991655349731,1,0.38436952233314514,0.7326291799545288,0,0,0
1117,,0.9999992251396179,1,0.3871472179889679,0.7310134172439575,0,0,0
1118,,0.9999991655349731,1,0.386722594499588,0.7261828184127808,0,0,0
1119,,0.9999991655349731,1,0.387045681476593,0.7261509895324707,0,0,0
1120,,0.9999993443489075,1,0.3854343295097351,0.7261908650398254,0,0,0
1121,,0.9999989867210388,1,0.38551393151283264,0.7268900275230408,0,0,0
1122,,0.9999992251396179,1,0.38487422466278076,0.7255504727363586,0,0,0
1123,,0.9999992847442627,1,0.38708651065826416,0.7248643636703491,0,0,0
1124,,0.9999991059303284,1,0.386228084564209,0.727044403553009,0,0,0
1125,,0.9999995231628418,1,0.3874097168445587,0.7257824540138245,0,0,0
1126,,0.9999992847442627,1,0.38763657212257385,0.7258509397506714,0,0,0
1127,,0.9999992251396179,1,0.3878166973590851,0.7286246418952942,0,0,0
1128,,0.999999463558197,1,0.3857209384441376,0.7255324125289917,0,0,0
1129,,0.9999992847442627,1,0.3861357569694519,0.7263384461402893,0,0,0
1130,,0.9999993443489075,1,0.38600394129753113,0.7261624932289124,0,0,0
1131,,0.9999991655349731,1,0.3864361345767975,0.7292240858078003,0,0,0
1132,,0.9999993443489075,1,0.3861125707626343,0.7296878099441528,0,0,0
1133,,0.9999991059303284,1,0.38818681240081787,0.7289120554924011,0,0,0
1134,,0.9999993443489075,1,0.3882109820842743,0.7316833734512329,0,0,0
1135,,0.9955065846443176,1,0.3892633616924286,0.730056881904602,0,0,0
1136,,0.9999993443489075,1,0.3889147937297821,0.7308352589607239,0,0,0
1137,,0.9999995827674866,1,0.38661670684814453,0.7270439863204956,0,0,0
1138,,0.9999992251396179,1,0.3869052231311798,0.7261022925376892,0,0,0
1139,,0.9999993443489075,1,0.3865136504173279,0.7256321907043457,0,0,0
1140,,0.6892094612121582,1,0.38640064001083374,0.726891040802002,0,0,0
1141,,0.9999990463256836,1,0.38578084111213684,0.7267545461654663,0,0,0
1142,,0.9999992847442627,1,0.3867887854576111,0.7257967591285706,0,0,0
1143,,0.9999991059303284,1,0.38989660143852234,0.7274362444877625,0,0,0
1144,,0.9999992251396179,1,0.39031344652175903,0.729214072227478,0,0,0
1145,,0.9999992847442627,1,0.38897842168807983,0.7263665795326233,0,0,0
1146,,0.9999993443489075,1,0.3887878358364105,0.7265104651451111,0,0,0
1147,,0.9999992251396179,1,0.38815391063690186,0.7266290187835693,0,0,0
1148,,0.9999990463256836,1,0.3893187940120697,0.7260839939117432,0,0,0
1149,,0.9999992251396179,1,0.39041367173194885,0.725955069065094,0,0,0
1150,,0.9999992251396179,1,0.3910362422466278,0.7267416715621948,0,0,0
1151,,0.728151261806488,1,0.3907410502433777,0.727592945098877,0,0,0
1152,,0.9615160226821899,1,0.3896232545375824,0.7282285094261169,0,0,0
1153,,0.9999991059303284,1,0.38865455985069275,0.7285298705101013,0,0,0
1154,,0.9999992847442627,1,0.39030033349990845,0.7272969484329224,0,0,0
1155,,0.9999991655349731,1,0.3870917856693268,0.7248551249504089,0,0,0
1156,,0.9999994039535522,1,0.3858780264854431,0.7228381633758545,0,0,0
1157,,0.9999992251396179,1,0.38664135336875916,0.7228354811668396,0,0,0
1158,,0.9999992847442627,1,0.3877878189086914,0.7243342995643616,0,0,0
1159,,0.9999993443489075,1,0.39041805267333984,0.7266543507575989,0,0,0
1160,,0.9999993443489075,1,0.3912010192871094,0.7241427302360535,0,0,0
1161,,0.9691189527511597,1,0.3922480344772339,0.7240258455276489,0,0,0
1162,,0.9999991655349731,1,0.3916037380695343,0.7249295711517334,0,0,0
1163,,0.9999992847442627,1,0.39192453026771545,0.7233695983886719,0,0,0
1164,,0.9999992251396179,1,0.39193394780158997,0.7248436212539673,0,0,0
1165,,0.9999991655349731,1,0.39292800426483154,0.723937451839447,0,0,0
1166,,0.9999991655349731,1,0.39205402135849,0.7216656804084778,0,0,0
1167,,0.9999994039535522,1,0.39312198758125305,0.722919762134552,0,0,0
1168,,0.9999991059303284,1,0.39429041743278503,0.723871648311615,0,0,0
1169,,0.9999990463256836,1,0.39573976397514343,0.7250549793243408,0,0,0
1170,,0.9999991655349731,1,0.39286649227142334,0.7267155647277832,0,0,0
1171,,0.8047685027122498,1,0.39119672775268555,0.7287906408309937,0,0,0
1172,,0.9999991059303284,1,0.38980767130851746,0.729404866695404,0,0,0
1173,,0.8003448247909546,1,0.38931581377983093,0.7296535968780518,0,0,0
1174,,0.9326856732368469,1,0.3894767165184021,0.7292147874832153,0,0,0
1175,,0.9999991655349731,1,0.3881106376647949,0.7297629117965698,0,0,0
1176,,0.9999991059303284,1,0.3868202567100525,0.731799304485321,0,0,0
1177,,0.9999991059303284,1,0.3875255882740021,0.7309644818305969,0,0,0
1178,,0.8835249543190002,1,0.38635727763175964,0.7302253246307373,0,0,0
1179,,0.9999991655349731,1,0.3855646550655365,0.7291519641876221,0,0,0
1180,,0.9999992847442627,1,0.3859843313694,0.7280998826026917,0,0,0
1181,,0.9999992251396179,1,0.38573241233825684,0.726372480392456,0,0,0
1182,,0.875865638256073,1,0.3847767412662506,0.7253832817077637,0,0,0
1183,,0.9999991655349731,1,0.3833196759223938,0.7247959971427917,0,0,0
1184,,0.8889001607894897,1,0.3830956518650055,0.7240645289421082,0,0,0
1185,,0.9999991059303284,1,0.3835720717906952,0.7240366339683533,0,0,0
1186,,0.8575211763381958,1,0.3835131525993347,0.7235356569290161,0,0,0
1187,,0.9836865663528442,1,0.38354066014289856,0.7236011624336243,0,0,0
1188,,0.9999991059303284,1,0.38307851552963257,0.7220496535301208,0,0,0
1189,,0.9999992251396179,1,0.3854331374168396,0.7225955724716187,0,0,0
1190,,0.7989124655723572,1,0.38563522696495056,0.7240340113639832,0,0,0
1191,,0.9216858744621277,1,0.38564226031303406,0.7242668271064758,0,0,0
1192,,0.9999989867210388,1,0.38513457775115967,0.7250286936759949,0,0,0
1193,,0.9096980690956116,1,0.3851391077041626,0.7253278493881226,0,0,0
1194,,0.9999991059303284,1,0.3842960000038147,0.7246022820472717,0,0,0
1195,,0.9999992251396179,1,0.3837311267852783,0.724862277507782,0,0,0
1196,,0.9999992847442627,1,0.3836301565170288,0.7259199619293213,0,0,0
1197,,0.8452190160751343,1,0.3842565715312958,0.7261858582496643,0,0,0
1198,,0.9999990463256836,1,0.38291609287261963,0.7263953685760498,0,0,0
1199,,0.8136593103408813,1,0.38239771127700806,0.7263393402099609,0,0,0
1200,,0.985302209854126,1,0.3823060989379883,0.7262467741966248,0,0,0
1201,,0.9999993443489075,1,0.38170522451400757,0.7284473776817322,0,0,0
1202,,0.8418588042259216,1,0.3820120394229889,0.7296605110168457,0,0,0
1203,,0.9999991655349731,1,0.38005271553993225,0.7289993166923523,0,0,0
1204,,0.9999992251396179,1,0.37966516613960266,0.7309837937355042,0,0,0
1205,,0.9999992847442627,1,0.38053739070892334,0.7327695488929749,0,0,0
1206,,0.9999992847442627,1,0.3806757926940918,0.7308861613273621,0,0,0
1207,,0.9999992251396179,1,0.37820005416870117,0.7331817746162415,0,0,0
1208,,0.9999992847442627,1,0.3773933947086334,0.7332580089569092,0,0,0
1209,,0.9999990463256836,1,0.3780256509780884,0.733115017414093,0,0,0
1210,,0.9999991059303284,1,0.3788825571537018,0.7335468530654907,0,0,0
1211,,0.9999993443489075,1,0.3776558041572571,0.7313199639320374,0,0,0
1212,,0.9999992251396179,1,0.3772469460964203,0.7318637371063232,0,0,0
1213,,0.9999991655349731,1,0.37884843349456787,0.7317131757736206,0,0,0
1214,,0.9999990463256836,1,0.377536416053772,0.7331336736679077,0,0,0
1215,,0.8074110746383667,1,0.37556689977645874,0.7334088087081909,0,0,0
1216,,0.9363829493522644,1,0.37397950887680054,0.7310170531272888,0,0,0
1217,,0.9999992251396179,1,0.37311872839927673,0.730833113193512,0,0,0
1218,,0.9999991655349731,1,0.37237799167633057,0.7324635982513428,0,0,0
1219,,0.9999992251396179,1,0.3716887831687927,0.7305396795272827,0,0,0
1220,,0.9999992847442627,1,0.3704754114151001,0.7316021919250488,0,0,0
1221,,0.999999463558197,1,0.36861908435821533,0.7330048084259033,0,0,0
1222,,0.9999992847442627,1,0.3688288927078247,0.731863796710968,0,0,0
1223,,0.9999993443489075,1,0.36855706572532654,0.7326447367668152,0,0,0
1224,,0.999999463558197,1,0.36907750368118286,0.7313272356987,0,0,0
1225,,0.9999993443489075,1,0.3669217526912689,0.7304275035858154,0,0,0
1226,,0.9999991059303284,1,0.365553081035614,0.7299513220787048,0,0,0
1227,,0.9999994039535522,1,0.3660764992237091,0.730769157409668,0,0,0
1228,,0.9999994039535522,1,0.3663904368877411,0.7287170886993408,0,0,0
1229,,0.9999992847442627,1,0.3655455708503723,0.727910041809082,0,0,0
1230,,0.9244188666343689,1,0.3665996789932251,0.7289333939552307,0,0,0
1231,,0.9999992847442627,1,0.3678598403930664,0.7302224636077881,0,0,0
1232,,0.9999993443489075,1,0.3677671253681183,0.7288886308670044,0,0,0
1233,,0.9999992847442627,1,0.36764001846313477,0.7282705903053284,0,0,0
1234,,0.9999993443489075,1,0.36823269724845886,0.7266232371330261,0,0,0
1235,,0.9999992251396179,1,0.36793872714042664,0.7265406250953674,0,0,0
1236,,0.9999991655349731,1,0.3686290681362152,0.7268999814987183,0,0,0
1237,,0.9955595135688782,1,0.36865612864494324,0.7255861759185791,0,0,0
1238,,0.9999991655349731,1,0.3684988021850586,0.7221214175224304,0,0,0
1239,,0.9999994039535522,1,0.3670696020126343,0.7218513488769531,0,0,0
1240,,0.9999993443489075,1,0.3650943338871002,0.7226532697677612,0,0,0
1241,,0.9999992251396179,1,0.363639771938324,0.7228786945343018,0,0,0
1242,,0.9999992847442627,1,0.3633398413658142,0.7211635112762451,0,0,0
1243,,0.9999991655349731,1,0.36419767141342163,0.7207677960395813,0,0,0
1244,,0.9999992847442627,1,0.3647814691066742,0.7200144529342651,0,0,0
1245,,0.9718541502952576,1,0.3642639219760895,0.7204158306121826,0,0,0
1246,,0.9999992847442627,1,0.364397794008255,0.7220376133918762,0,0,0
1247,,0.9999992847442627,1,0.36497053503990173,0.7213044762611389,0,0,0
1248,,0.9999992251396179,1,0.36616992950439453,0.7224471569061279,0,0,0
1249,,0.9999991059303284,1,0.36565539240837097,0.7216925621032715,0,0,0
1250,,0.9999991655349731,1,0.3674439787864685,0.7206770777702332,0,0,0
1251,,0.9999991655349731,1,0.36832839250564575,0.7187778949737549,0,0,0
1252,,0.9999992847442627,1,0.3701256215572357,0.7200093269348145,0,0,0
1253,,0.9570001363754272,1,0.36899107694625854,0.7200087904930115,0,0,0
1254,,0.9999991655349731,1,0.37024760246276855,0.7178672552108765,0,0,0
1255,,0.9999992847442627,1,0.36884939670562744,0.7186250686645508,0,0,0
1256,,0.9999992847442627,1,0.37005719542503357,0.7191705107688904,0,0,0
1257,,0.9079760909080505,1,0.37034276127815247,0.7209920287132263,0,0,0
1258,,0.9999994039535522,1,0.37117934226989746,0.7198779582977295,0,0,0
1259,,0.999999463558197,1,0.3719021677970886,0.7183275818824768,0,0,0
1260,,0.9999991655349731,1,0.36867547035217285,0.7184957265853882,0,0,0
1261,,0.9999995827674866,1,0.36769840121269226,0.7188403606414795,0,0,0
1262,,0.9999991059303284,1,0.36722731590270996,0.7175162434577942,0,0,0
1263,,0.9999992251396179,1,0.36753684282302856,0.7191258668899536,0,0,0
1264,,0.9999992847442627,1,0.3690204620361328,0.7182116508483887,0,0,0
1265,,0.9999994039535522,1,0.36744043231010437,0.7187772989273071,0,0,0
1266,,0.9999994039535522,1,0.36710426211357117,0.7187660932540894,0,0,0
1267,,0.9999992847442627,1,0.3672651946544647,0.7195965647697449,0,0,0
1268,,0.9999992847442627,1,0.366585373878479,0.7215360999107361,0,0,0
1269,,0.9999995231628418,1,0.36660662293434143,0.7218502163887024,0,0,0
1270,,0.9999991059303284,1,0.3658040463924408,0.7224987745285034,0,0,0
1271,,0.9999993443489075,1,0.3669850528240204,0.722879946231842,0,0,0
1272,,0.999999463558197,1,0.36644574999809265,0.7229796648025513,0,0,0
1273,,0.999998927116394,1,0.36527159810066223,0.7230334877967834,0,0,0
1274,,0.9999992847442627,1,0.36522188782691956,0.7208007574081421,0,0,0
1275,,0.9999993443489075,1,0.3651425540447235,0.7213342785835266,0,0,0
1276,,0.9999991059303284,1,0.3661279082298279,0.7199493646621704,0,0,0
1277,,0.9999992847442627,1,0.3666105270385742,0.7215690016746521,0,0,0
1278,,0.9999992847442627,1,0.36658185720443726,0.7233113050460815,0,0,0
1279,,0.9999992251396179,1,0.36651909351348877,0.7221192121505737,0,0,0
1280,,0.9986116290092468,1,0.3688168227672577,0.7251684665679932,0,0,0
1281,,0.9999992847442627,1,0.37025517225265503,0.7254551649093628,0,0,0
1282,,0.8135554790496826,1,0.3705671429634094,0.7238462567329407,0,0,0
1283,,0.9999991655349731,1,0.3697187900543213,0.7238682508468628,0,0,0
1284,,0.9999992251396179,1,0.36911243200302124,0.7223691940307617,0,0,0
1285,,0.9999990463256836,1,0.3682122528553009,0.7236930131912231,0,0,0
1286,,0.8855894804000854,1,0.36765405535697937,0.7230660915374756,0,0,0
1287,,0.9999991059303284,1,0.36806637048721313,0.7250300049781799,0,0,0
1288,,0.9999991655349731,1,0.36804255843162537,0.7273125052452087,0,0,0
1289,,0.9999992251396179,1,0.3672644793987274,0.7295032739639282,0,0,0
1290,,0.9622090458869934,1,0.36734211444854736,0.7294738292694092,0,0,0
1291,,0.9999991655349731,1,0.3664959669113159,0.727719247341156,0,0,0
1292,,0.9999992251396179,1,0.36636075377464294,0.7290290594100952,0,0,0
1293,,0.9999994039535522,1,0.3666113615036011,0.7286142110824585,0,0,0
1294,,0.8485023379325867,1,0.3667792081832886,0.728480875492096,0,0,0
1295,,0.9999992847442627,1,0.3683081567287445,0.7294576168060303,0,0,0
1296,,0.9999993443489075,1,0.3675723969936371,0.7289943099021912,0,0,0
1297,,0.9999992847442627,1,0.365943968296051,0.7323134541511536,0,0,0
1298,,0.9999994039535522,1,0.36627817153930664,0.73269122838974,0,0,0
1299,,0.9999989867210388,1,0.36673039197921753,0.7325839996337891,0,0,0
1300,,0.7291187047958374,1,0.3678852915763855,0.7334393858909607,0,0,0
1301,,0.9999991059303284,1,0.3694103956222534,0.7331680655479431,0,0,0
1302,,0.962138831615448,1,0.37003040313720703,0.7333952188491821,0,0,0
1303,,0.9999993443489075,1,0.368359237909317,0.7323986887931824,0,0,0
1304,,0.7495719790458679,1,0.36878249049186707,0.7318614721298218,0,0,0
1305,,0.8399009704589844,1,0.3699892461299896,0.7324712872505188,0,0,0
1306,,0.9999991655349731,1,0.370500773191452,0.7348379492759705,0,0,0
1307,,0.9999993443489075,1,0.3701690435409546,0.7370954155921936,0,0,0
1308,,0.9999993443489075,1,0.37055879831314087,0.7375441789627075,0,0,0
1309,,0.9999991655349731,1,0.37148284912109375,0.7367607951164246,0,0,0
1310,,0.9999992847442627,1,0.37213900685310364,0.7381531000137329,0,0,0
1311,,0.999999463558197,1,0.3690411448478699,0.7385335564613342,0,0,0
1312,,0.9999992251396179,1,0.3679988980293274,0.738843560218811,0,0,0
1313,,0.9999992251396179,1,0.3666393756866455,0.7370917797088623,0,0,0
1314,,0.9999992847442627,1,0.36825233697891235,0.735910952091217,0,0,0
1315,,0.8760075569152832,1,0.36705806851387024,0.7341287732124329,0,0,0
1316,,0.8129372000694275,1,0.3669569194316864,0.7324568629264832,0,0,0
1317,,0.9385868906974792,1,0.36727529764175415,0.7316412925720215,0,0,0
1318,,0.9999993443489075,1,0.3668595850467682,0.7305365800857544,0,0,0
1319,,0.8773717284202576,1,0.3676159977912903,0.7289787530899048,0,0,0
1320,,0.831624448299408,1,0.3679053783416748,0.7285928726196289,0,0,0
1321,,0.9460917115211487,1,0.3683147728443146,0.727958619594574,0,0,0
1322,,0.9999990463256836,1,0.3693843483924866,0.7266044020652771,0,0,0
1323,,0.9999991059303284,1,0.37001219391822815,0.7247009873390198,0,0,0
1324,,0.9999992251396179,1,0.3704303205013275,0.7238994240760803,0,0,0
1325,,0.9999991059303284,1,0.37096932530403137,0.7216881513595581,0,0,0
1326,,0.9999992847442627,1,0.37174665927886963,0.7224853038787842,0,0,0
1327,,0.9506616592407227,1,0.3721059560775757,0.7225329875946045,0,0,0
1328,,0.9999992251396179,1,0.37263497710227966,0.7237274646759033,0,0,0
1329,,0.9999992251396179,1,0.37197715044021606,0.7237839102745056,0,0,0
1330,,0.9999992251396179,1,0.3729056715965271,0.7215536236763,0,0,0
1331,,0.8744593262672424,1,0.37178653478622437,0.7210504412651062,0,0,0
1332,,0.9999991059303284,1,0.37178006768226624,0.7200318574905396,0,0,0
1333,,0.9999992847442627,1,0.3698081970214844,0.7193230390548706,0,0,0
1334,,0.9999991059303284,1,0.36982956528663635,0.7192956805229187,0,0,0
1335,,0.9999991655349731,1,0.37036800384521484,0.7185288071632385,0,0,0
1336,,0.9999991655349731,1,0.36952218413352966,0.7192030549049377,0,0,0
1337,,0.9999993443489075,1,0.36949437856674194,0.721592903137207,0,0,0
1338,,0.9999992251396179,1,0.36914771795272827,0.7224755883216858,0,0,0
1339,,0.9999991655349731,1,0.3688849210739136,0.7204063534736633,0,0,0
1340,,0.9999992847442627,1,0.3686813712120056,0.7200475931167603,0,0,0
1341,,0.9999994039535522,1,0.36797282099723816,0.7218493819236755,0,0,0
1342,,0.8438919186592102,1,0.3702353239059448,0.721773624420166,0,0,0
1343,,0.9999991655349731,1,0.3710736036300659,0.7211956977844238,0,0,0
1344,,0.9999992847442627,1,0.37331297993659973,0.7198761701583862,0,0,0
1345,,0.9999992847442627,1,0.37379172444343567,0.7233918905258179,0,0,0
1346,,0.9999991655349731,1,0.3721310794353485,0.7219139933586121,0,0,0
1347,,0.9999993443489075,1,0.3726853132247925,0.7213190793991089,0,0,0
1348,,0.9999990463256836,1,0.37208762764930725,0.7214981317520142,0,0,0
1349,,0.9999992251396179,1,0.37130483984947205,0.7242912650108337,0,0,0
1350,,0.8508849740028381,1,0.3707233667373657,0.7258376479148865,0,0,0
1351,,0.9999992847442627,1,0.37132301926612854,0.7263003587722778,0,0,0
1352,,0.96844881772995,1,0.3696695566177368,0.7249410152435303,0,0,0
1353,,0.9999992251396179,1,0.36987096071243286,0.7241318821907043,0,0,0
1354,,0.9999994039535522,1,0.36873647570610046,0.7233178615570068,0,0,0
1355,,0.9999993443489075,1,0.3688181936740875,0.7223406434059143,0,0,0
1356,,0.9999992847442627,1,0.3694789409637451,0.7200583815574646,0,0,0
1357,,0.9999991059303284,1,0.36929434537887573,0.7172980904579163,0,0,0
1358,,0.9999995231628418,1,0.36722567677497864,0.7136697769165039,0,0,0
1359,,0.9999992847442627,1,0.366767555475235,0.7088479399681091,0,0,0
1360,,0.9999993443489075,1,0.3666570484638214,0.708757758140564,0,0,0
1361,,0.9999992847442627,1,0.366716593503952,0.7084900736808777,0,0,0
1362,,0.9999991059303284,1,0.3655763864517212,0.7084785103797913,0,0,0
1363,,0.9999993443489075,1,0.3639267385005951,0.7052929997444153,0,0,0
1364,,0.9999992847442627,1,0.3644362688064575,0.7027708292007446,0,0,0
1365,,0.9999991059303284,1,0.36443760991096497,0.7035099864006042,0,0,0
1366,,0.9999993443489075,1,0.36424991488456726,0.7038812637329102,0,0,0
1367,,0.9999992847442627,1,0.36539289355278015,0.7021077275276184,0,0,0
1368,,0.9999992251396179,1,0.36512356996536255,0.7053614854812622,0,0,0
1369,,0.9531278014183044,1,0.36531418561935425,0.7066144943237305,0,0,0
1370,,0.9999993443489075,1,0.36471322178840637,0.7081918716430664,0,0,0
1371,,0.9943475723266602,1,0.3645351529121399,0.7097309827804565,0,0,0
1372,,0.9999991059303284,1,0.3653891384601593,0.7119625210762024,0,0,0
1373,,0.9999994039535522,1,0.3647715449333191,0.7110320925712585,0,0,0
1374,,0.9999994039535522,1,0.3662172555923462,0.712489902973175,0,0,0
1375,,0.9999993443489075,1,0.3661225140094757,0.7128794193267822,0,0,0
1376,,0.9999992847442627,1,0.36594128608703613,0.7150694727897644,0,0,0
1377,,0.9999992251396179,1,0.3686082661151886,0.7161427736282349,0,0,0
1378,,0.9999991059303284,1,0.3676474392414093,0.7171196341514587,0,0,0
1379,,0.9999992847442627,1,0.3654017150402069,0.7167466878890991,0,0,0
1380,,0.9999992847442627,1,0.36618971824645996,0.714605450630188,0,0,0
1381,,0.9999992847442627,1,0.3662576377391815,0.7117645144462585,0,0,0
1382,,0.9999992847442627,1,0.36539706587791443,0.7119256258010864,0,0,0
1383,,0.9999992847442627,1,0.3647151589393616,0.711493968963623,0,0,0
1384,,0.9999991059303284,1,0.3645153045654297,0.7116905450820923,0,0,0
1385,,0.9999991655349731,1,0.3629477322101593,0.709388256072998,0,0,0
1386,,0.9999995231628418,1,0.3608519434928894,0.7089732885360718,0,0,0
1387,,0.9999991655349731,1,0.3609713017940521,0.7083632946014404,0,0,0
1388,,0.9999992847442627,1,0.3607194125652313,0.7072978019714355,0,0,0
1389,,0.9999992251396179,1,0.3598438799381256,0.7057364583015442,0,0,0
1390,,0.9055370688438416,1,0.3596673309803009,0.70538729429245,0,0,0
1391,,0.9835207462310791,1,0.3602050542831421,0.7044668793678284,0,0,0
1392,,0.6657091975212097,1,0.36058464646339417,0.7032672762870789,0,0,0
1393,,0.5807594060897827,1,0.3600254952907562,0.7046090364456177,0,0,0
1394,,0.9609345197677612,1,0.35860756039619446,0.7067229151725769,0,0,0
1395,,0.9999991655349731,1,0.3583749532699585,0.7098967432975769,0,0,0
1396,,0.8680819869041443,1,0.3582350015640259,0.7105688452720642,0,0,0
1397,,0.6675667762756348,1,0.3586406111717224,0.7122253179550171,0,0,0
1398,,0.8100164532661438,1,0.3592175543308258,0.7127683162689209,0,0,0
1399,,0.8928643465042114,1,0.35919466614723206,0.711647629737854,0,0,0
1400,,0.96686190366745,1,0.35889241099357605,0.7097611427307129,0,0,0
1401,,0.9188117384910583,1,0.35851946473121643,0.7093702554702759,0,0,0
1402,,0.7654321789741516,1,0.3581277132034302,0.7093991041183472,0,0,0
1403,,0.9999989867210388,1,0.35906749963760376,0.708187997341156,0,0,0
1404,,0.8673786520957947,1,0.36002954840660095,0.7077047228813171,0,0,0
1405,,0.999998927116394,1,0.36023956537246704,0.7089582085609436,0,0,0
1406,,0.994877278804779,1,0.3600967228412628,0.7097010016441345,0,0,0
1407,,0.8988837599754333,1,0.3604504466056824,0.7096213102340698,0,0,0
1408,,0.9053106904029846,1,0.359925776720047,0.7096890807151794,0,0,0
1409,,0.9089522957801819,1,0.3594595789909363,0.7096250653266907,0,0,0
1410,,0.9999991059303284,1,0.3596469461917877,0.7109313011169434,0,0,0
1411,,0.9999994039535522,1,0.3603772819042206,0.712648332118988,0,0,0
1412,,0.999999463558197,1,0.36052849888801575,0.7139058113098145,0,0,0
1413,,0.9999991655349731,1,0.35971322655677795,0.7118387222290039,0,0,0
1414,,0.8065173029899597,1,0.3585718274116516,0.7121784687042236,0,0,0
1415,,0.866233766078949,1,0.3587898313999176,0.7117324471473694,0,0,0
1416,,0.9999990463256836,1,0.3576667308807373,0.7116566896438599,0,0,0
1417,,0.9999992251396179,1,0.3561095893383026,0.7121944427490234,0,0,0
1418,,0.9999992847442627,1,0.3577038645744324,0.7133434414863586,0,0,0
1419,,0.9999992847442627,1,0.3560739755630493,0.7150443196296692,0,0,0
1420,,0.9999991059303284,1,0.3555589020252228,0.715878963470459,0,0,0
1421,,0.9999992251396179,1,0.3561297655105591,0.7150855660438538,0,0,0
1422,,0.9960102438926697,1,0.35725119709968567,0.7143521308898926,0,0,0
1423,,0.9999991655349731,1,0.3581407070159912,0.7147038578987122,0,0,0
1424,,0.9013239145278931,1,0.3577538728713989,0.7155067324638367,0,0,0
1425,,0.9999991655349731,1,0.3577272891998291,0.713495135307312,0,0,0
1426,,0.9999991059303284,1,0.3588726818561554,0.7122652530670166,0,0,0
1427,,0.9999994039535522,1,0.35853371024131775,0.7107809782028198,0,0,0
1428,,0.9999991059303284,1,0.35876885056495667,0.7063263058662415,0,0,0
1429,,0.999999463558197,1,0.3562827706336975,0.7050924897193909,0,0,0
1430,,0.9999992251396179,1,0.3543946146965027,0.7042476534843445,0,0,0
1431,,0.9999993443489075,1,0.35447224974632263,0.7058656811714172,0,0,0
1432,,0.9999992251396179,1,0.3555518686771393,0.704451858997345,0,0,0
1433,,0.9999991655349731,1,0.35609591007232666,0.7028276324272156,0,0,0
1434,,0.9999991059303284,1,0.35824331641197205,0.7038369178771973,0,0,0
1435,,0.9999993443489075,1,0.35674259066581726,0.70313560962677,0,0,0
1436,,0.9912430047988892,1,0.35686543583869934,0.7030864357948303,0,0,0
1437,,0.8359104990959167,1,0.3559502065181732,0.7029022574424744,0,0,0
1438,,0.9999992251396179,1,0.3565642833709717,0.7014467120170593,0,0,0
1439,,0.9701625108718872,1,0.3563842177391052,0.6991003751754761,0,0,0
1440,,0.983752965927124,1,0.35595574975013733,0.6985769271850586,0,0,0
1441,,0.9999991655349731,1,0.35588812828063965,0.6989481449127197,0,0,0
1442,,0.960953414440155,1,0.35543569922447205,0.6990631222724915,0,0,0
1443,,0.9999991059303284,1,0.35602036118507385,0.6989911794662476,0,0,0
1444,,0.9999990463256836,1,0.35636240243911743,0.6993317604064941,0,0,0
1445,,0.9999990463256836,1,0.3556652069091797,0.6990718841552734,0,0,0
1446,,0.9999993443489075,1,0.3560899496078491,0.6974590420722961,0,0,0
1447,,0.9809837937355042,1,0.3574269413948059,0.6972870230674744,0,0,0
1448,,0.9999992251396179,1,0.35703760385513306,0.6971539855003357,0,0,0
1449,,0.9324452877044678,1,0.3568638563156128,0.6967567801475525,0,0,0
1450,,0.9999992251396179,1,0.3585515320301056,0.6962352991104126,0,0,0
1451,,0.9999991655349731,1,0.3590932786464691,0.6958214640617371,0,0,0
1452,,0.7412829995155334,1,0.35896730422973633,0.6953221559524536,0,0,0
1453,,0.9999992251396179,1,0.358009934425354,0.6930992007255554,0,0,0
1454,,0.9999992847442627,1,0.35865557193756104,0.6937015056610107,0,0,0
1455,,0.9999992847442627,1,0.3590323328971863,0.6948674321174622,0,0,0
1456,,0.999999463558197,1,0.35965630412101746,0.6955156922340393,0,0,0
1457,,0.9999992847442627,1,0.3613138496875763,0.6975756883621216,0,0,0
1458,,0.9629027843475342,1,0.3619154095649719,0.6987550854682922,0,0,0
1459,,0.9999992251396179,1,0.36197134852409363,0.7012696266174316,0,0,0
1460,,0.9999991655349731,1,0.36266839504241943,0.7039996981620789,0,0,0
1461,,0.9999994039535522,1,0.3626578450202942,0.7038601636886597,0,0,0
1462,,0.9999993443489075,1,0.3615609109401703,0.7032822966575623,0,0,0
1463,,0.9837679862976074,1,0.3610486388206482,0.7024481296539307,0,0,0
1464,,0.8424608707427979,1,0.36101335287094116,0.7021215558052063,0,0,0
1465,,0.9190043807029724,1,0.36139899492263794,0.701176643371582,0,0,0
1466,,0.9514615535736084,1,0.3619418442249298,0.7006758451461792,0,0,0
1467,,0.9481860995292664,1,0.3623349070549011,0.6997829079627991,0,0,0
1468,,0.9999993443489075,1,0.36338910460472107,0.6988628506660461,0,0,0
1469,,0.9999992251396179,1,0.36241212487220764,0.697065532207489,0,0,0
1470,,0.9999991655349731,1,0.3621521294116974,0.6969047784805298,0,0,0
1471,,0.8990722298622131,1,0.36146658658981323,0.6966978907585144,0,0,0
1472,,0.7744520306587219,1,0.36096858978271484,0.6954706907272339,0,0,0
1473,,0.7738755941390991,1,0.3607061207294464,0.695392906665802,0,0,0
1474,,0.9999991059303284,1,0.360451877117157,0.6940345168113708,0,0,0
1475,,0.9128485321998596,1,0.36048194766044617,0.6932224631309509,0,0,0
1476,,0.9004595875740051,1,0.3605235815048218,0.6934095621109009,0,0,0
1477,,0.884186863899231,1,0.3596934676170349,0.693461000919342,0,0,0
1478,,0.9999991655349731,1,0.35976529121398926,0.6933670043945312,0,0,0
1479,,0.9857144951820374,1,0.359810471534729,0.6932566165924072,0,0,0
1480,,0.9999991655349731,1,0.35953909158706665,0.6930840015411377,0,0,0
1481,,0.9999989867210388,1,0.35904380679130554,0.6928808093070984,0,0,0
1482,,0.9999990463256836,1,0.3586340844631195,0.6929321885108948,0,0,0
1483,,0.8209073543548584,1,0.35864487290382385,0.69195157289505,0,0,0
1484,,0.9999990463256836,1,0.3587717115879059,0.690997838973999,0,0,0
1485,,0.9800342917442322,1,0.35884949564933777,0.6909076571464539,0,0,0
1486,,0.9999991655349731,1,0.359145849943161,0.6907634139060974,0,0,0
1487,,0.9999991059303284,1,0.3593083620071411,0.6907877326011658,0,0,0
1488,,0.983766496181488,1,0.35932740569114685,0.6908617615699768,0,0,0
1489,,0.999998927116394,1,0.3590119481086731,0.690876841545105,0,0,0
1490,,0.9999990463256836,1,0.3590031564235687,0.6906116604804993,0,0,0
1491,,0.9999990463256836,1,0.35891950130462646,0.6902599334716797,0,0,0
1492,,0.9999990463256836,1,0.358672171831131,0.690058171749115,0,0,0
1493,,0.9999992251396179,1,0.3585774898529053,0.6898480653762817,0,0,0
1494,,0.9999991059303284,1,0.3585769236087799,0.6895900368690491,0,0,0
1495,,0.9999992847442627,1,0.3583946228027344,0.6895614862442017,0,0,0
1496,,0.9999990463256836,1,0.35832467675209045,0.6895425915718079,0,0,0
1497,,0.9999989867210388,1,0.3581395149230957,0.6894601583480835,0,0,0
1498,,0.8604981303215027,1,0.35798677802085876,0.6894031763076782,0,0,0
1499,,0.9999992251396179,1,0.35778728127479553,0.6892974972724915,0,0,0
1500,,0.9999991655349731,1,0.35734373331069946,0.6890501976013184,0,0,0
1501,,0.9999991059303284,1,0.35704803466796875,0.6887906789779663,0,0,0
1502,,0.9999991655349731,1,0.35679367184638977,0.6885824203491211,0,0,0
1503,,0.9999990463256836,1,0.3562156558036804,0.6883733868598938,0,0,0
1504,,0.9999991655349731,1,0.35618478059768677,0.6886039972305298,0,0,0
1505,,0.9999989867210388,1,0.35600897669792175,0.6887085437774658,0,0,0
1506,,0.9999991655349731,1,0.35573115944862366,0.6885803937911987,0,0,0
1507,,0.9506205320358276,1,0.35565105080604553,0.6883743405342102,0,0,0
1508,,0.9999992251396179,1,0.3556917607784271,0.688433825969696,0,0,0
1509,,0.9999991059303284,1,0.35564863681793213,0.6882894039154053,0,0,0
1510,,0.9999991059303284,1,0.3553897440433502,0.6876794695854187,0,0,0
1511,,0.933925211429596,1,0.3552514910697937,0.6872584223747253,0,0,0
1512,,0.9999991059303284,1,0.3551780879497528,0.6871797442436218,0,0,0
1513,,0.842150866985321,1,0.35493847727775574,0.6873143315315247,0,0,0
1514,,0.9999991655349731,1,0.3545672297477722,0.6874855160713196,0,0,0
1515,,0.9999992251396179,1,0.35444018244743347,0.6874698400497437,0,0,0
1516,,0.94709712266922,1,0.3544010818004608,0.6875208020210266,0,0,0
1517,,0.9017017483711243,1,0.3542015850543976,0.6878473162651062,0,0,0
1518,,0.9568498134613037,1,0.3539329767227173,0.6879846453666687,0,0,0
1519,,0.9999991059303284,1,0.35383251309394836,0.6880146861076355,0,0,0
1520,,0.9999992847442627,1,0.35380417108535767,0.6879677772521973,0,0,0
1521,,0.9999991655349731,1,0.35373789072036743,0.6879590749740601,0,0,0
1522,,0.9999991655349731,1,0.35369691252708435,0.6881065368652344,0,0,0
1523,,0.9999991059303284,1,0.3538362979888916,0.6881057024002075,0,0,0
1524,,0.9999992847442627,1,0.3538650870323181,0.6880187392234802,0,0,0
1525,,0.9999991655349731,1,0.35380563139915466,0.6880525350570679,0,0,0
1526,,0.999999463558197,1,0.35372304916381836,0.6880322098731995,0,0,0
1527,,0.999999463558197,1,0.3536949157714844,0.6879851222038269,0,0,0
1528,,1.0,1,0.35376715660095215,0.6879563927650452,0,0,0
1529,,0.9999992251396179,1,0.35374531149864197,0.6879633665084839,0,0,0
1530,,0.9999997019767761,1,0.3536704182624817,0.6879609227180481,0,0,0
1531,,0.9999993443489075,1,0.35369592905044556,0.6880010366439819,0,0,0
1532,,0.9999992847442627,1,0.35370567440986633,0.6880660057067871,0,0,0
1533,,0.9999995827674866,1,0.3535781502723694,0.6880760788917542,0,0,0
1534,,0.9999999403953552,1,0.3536057770252228,0.6880776286125183,0,0,0
1535,,0.9999990463256836,1,0.3536280393600464,0.6880969405174255,0,0,0
1536,,0.9999990463256836,1,0.35356101393699646,0.6881747841835022,0,0,0
1537,,0.9999994039535522,1,0.3535425662994385,0.6881791949272156,0,0,0
1538,,0.9999992251396179,1,0.353566437959671,0.688185453414917,0,0,0
1539,,0.9999993443489075,1,0.3535443842411041,0.6882027387619019,0,0,0
1540,,0.9999998807907104,1,0.35352861881256104,0.6881909370422363,0,0,0
1541,,0.9999991059303284,1,0.3535402715206146,0.6881957650184631,0,0,0
1542,,0.9999994039535522,1,0.35351425409317017,0.6881778240203857,0,0,0
1543,,0.9999992251396179,1,0.35342758893966675,0.6881527900695801,0,0,0
1544,,0.9999997019767761,1,0.3533813953399658,0.6880946159362793,0,0,0
1545,,0.9845865368843079,1,0.35336393117904663,0.6881250739097595,0,0,0
1546,,0.9999998807907104,1,0.3533058762550354,0.6881994009017944,0,0,0
1547,,0.9999992847442627,1,0.35323038697242737,0.6882414817810059,0,0,0
1548,,0.9999990463256836,1,0.3531636595726013,0.6882140636444092,0,0,0
1549,,0.9999991655349731,1,0.3530895411968231,0.6881909370422363,0,0,0
1550,,0.9999991655349731,1,0.35306674242019653,0.6881899833679199,0,0,0
1551,,0.9999991059303284,1,0.3530677855014801,0.688206136226654,0,0,0
1552,,0.9999991059303284,1,0.3530440926551819,0.6882609128952026,0,0,0
1553,,0.9999994039535522,1,0.35304054617881775,0.6883456110954285,0,0,0
1554,,0.9999992251396179,1,0.352948933839798,0.6883400082588196,0,0,0
1555,,0.9999991059303284,1,0.3528495132923126,0.6883292198181152,0,0,0
1556,,0.9999992847442627,1,0.3528456687927246,0.6883114576339722,0,0,0
1557,,0.9999997615814209,1,0.3528766632080078,0.6881282329559326,0,0,0
1558,,0.9999994039535522,1,0.35305851697921753,0.6881717443466187,0,0,0
1559,,0.9999994039535522,1,0.35299745202064514,0.6881482005119324,0,0,0
1560,,0.9999991059303284,1,0.3528893291950226,0.6880452632904053,0,0,0
1561,,0.9999993443489075,1,0.35282954573631287,0.6878734230995178,0,0,0
1562,,0.9520308375358582,1,0.3527263402938843,0.687813401222229,0,0,0
1563,,0.9999989867210388,1,0.35269585251808167,0.6877830624580383,0,0,0
1564,,0.9999990463256836,1,0.3527356684207916,0.6876809000968933,0,0,0
1565,,0.9999990463256836,1,0.35269907116889954,0.6875513792037964,0,0,0
1566,,0.9999990463256836,1,0.3526557683944702,0.6874925494194031,0,0,0
1567,,0.9999991059303284,1,0.35266393423080444,0.6874408721923828,0,0,0
1568,,0.9999991655349731,1,0.352535218000412,0.6872754693031311,0,0,0
1569,,0.9999992251396179,1,0.35244548320770264,0.6872925758361816,0,0,0
1570,,0.9999995231628418,1,0.3524787127971649,0.6873977780342102,0,0,0
1571,,0.9999990463256836,1,0.35250818729400635,0.6874297857284546,0,0,0
1572,,0.9999989867210388,1,0.3524582087993622,0.6875008344650269,0,0,0
1573,,0.9999993443489075,1,0.3524307906627655,0.6875249743461609,0,0,0
1574,,0.9423518180847168,1,0.352413147687912,0.687544584274292,0,0,0
1575,,0.999999463558197,1,0.35243237018585205,0.6875054240226746,0,0,0
1576,,0.8352939486503601,1,0.3524174988269806,0.6874745488166809,0,0,0
1577,,0.8989394903182983,1,0.3523934483528137,0.6874833703041077,0,0,0
1578,,0.18780000507831573,1,0.3524850606918335,0.6875969171524048,0,0,0
1579,,0.15438038110733032,1,0.3526773154735565,0.6877830624580383,0,0,0
1580,,0.9999998807907104,1,0.3528319001197815,0.687929630279541,0,0,0
1581,,1.0000001192092896,1,0.35290592908859253,0.6880007982254028,0,0,0
1582,,0.0901736468076706,1,0.35311877727508545,0.6882081031799316,0,0,0
1583,,0.08869794011116028,1,0.35337018966674805,0.688452959060669,0,0,0
1584,,0.1001221314072609,1,0.3536941707134247,0.6887665390968323,0,0,0
1585,,0.09745987504720688,1,0.3540172874927521,0.6890788674354553,0,0,0
1586,,0.10597486048936844,1,0.35435062646865845,0.6894057989120483,0,0,0
1587,,0.34940364956855774,1,0.35466238856315613,0.6897115707397461,0,0,0
1588,,0.1406436413526535,1,0.35497602820396423,0.6900206804275513,0,0,0
1589,,1.0,1,0.3551160395145416,0.6901591420173645,0,0,0
1590,,1.0,1,0.3552982807159424,0.6903372406959534,0,0,0
1591,,0.16470128297805786,1,0.35551947355270386,0.6905542612075806,0,0,0
1592,,0.10389377921819687,1,0.35579895973205566,0.6908278465270996,0,0,0
1593,,1.0,1,0.3560344874858856,0.6910595297813416,0,0,0
1594,,0.12263927608728409,1,0.35628676414489746,0.6913072466850281,0,0,0
1595,,0.09440192580223083,1,0.35654422640800476,0.6915588974952698,0,0,0
1596,,0.08154495805501938,1,0.35683944821357727,0.6918478012084961,0,0,0
1597,,0.09085768461227417,1,0.3571409285068512,0.6921446323394775,0,0,0
1598,,0.09153147786855698,1,0.35743921995162964,0.6924402713775635,0,0,0
1599,,0.9999998211860657,1,0.3575853407382965,0.6925854086875916,0,0,0
1600,,0.35790494084358215,1,0.3577423095703125,0.6927394270896912,0,0,0
1601,,0.10047612339258194,1,0.35794466733932495,0.692937433719635,0,0,0
1602,,0.10612547397613525,1,0.35817578434944153,0.6931668519973755,0,0,0
1603,,0.13166005909442902,1,0.35845479369163513,0.6934451460838318,0,0,0
1604,,0.08336220681667328,1,0.3587408661842346,0.6937301754951477,0,0,0
1605,,0.08634401857852936,1,0.3590266704559326,0.6940140724182129,0,0,0
1606,,0.09441696852445602,1,0.35930031538009644,0.6942855715751648,0,0,0
1607,,0.10313104093074799,1,0.3595450818538666,0.6945273280143738,0,0,0
1608,,0.08899432420730591,1,0.35977181792259216,0.6947535872459412,0,0,0
1609,,0.09569476544857025,1,0.35999053716659546,0.6949734687805176,0,0,0
1610,,0.0,1,0.36009711027145386,0.695080578327179,0,0,0
1611,,0.0,1,0.36011016368865967,0.6950936317443848,0,0,0
1612,,0.0,1,0.3601125478744507,0.6950960159301758,0,0,0
1613,,0.0,1,0.36011311411857605,0.6950966119766235,0,0,0
1614,,0.0,1,0.3601135313510895,0.6950969696044922,0,0,0
1615,,0.0,1,0.3601139485836029,0.6950973868370056,0,0,0
1616,,0.0,1,0.36025577783584595,0.6952388882637024,0,0,0
1617,,0.17405617237091064,1,0.36042535305023193,0.6954069137573242,0,0,0
1618,,0.10165711492300034,1,0.3606977164745331,0.6956794261932373,0,0,0
1619,,0.37967994809150696,1,0.3609352111816406,0.6959201693534851,0,0,0
1620,,0.08393556624650955,1,0.3611641228199005,0.6961510181427002,0,0,0
1621,,0.10257511585950851,1,0.36141902208328247,0.696408212184906,0,0,0
1622,,0.9999993443489075,1,0.36163127422332764,0.696619987487793,0,0,0
1623,,0.9999998807907104,1,0.3617055118083954,0.6966934204101562,0,0,0
1624,,0.08644193410873413,1,0.36187776923179626,0.6968636512756348,0,0,0
1625,,0.09592192620038986,1,0.3621450960636139,0.6971292495727539,0,0,0
1626,,0.07999487966299057,1,0.36242011189460754,0.6974036693572998,0,0,0
1627,,0.1623019427061081,1,0.36268141865730286,0.6976625323295593,0,0,0
1628,,0.14922010898590088,1,0.36294320225715637,0.697921097278595,0,0,0
1629,,0.08413052558898926,1,0.36321088671684265,0.6981883645057678,0,0,0
1630,,0.09479322284460068,1,0.3634522557258606,0.6984302401542664,0,0,0
1631,,0.11561878025531769,1,0.36370232701301575,0.6986789703369141,0,0,0
1632,,1.0,1,0.3638194799423218,0.6987947821617126,0,0,0
1633,,0.08331098407506943,1,0.36397379636764526,0.6989479660987854,0,0,0
1634,,0.9999999403953552,1,0.3640981614589691,0.6990718841552734,0,0,0
1635,,0.11348390579223633,1,0.36414915323257446,0.6991225481033325,0,0,0
1636,,1.0000001192092896,1,0.3642404079437256,0.6992135047912598,0,0,0
1637,,0.09091071039438248,1,0.3643954396247864,0.699370265007019,0,0,0
1638,,0.08604296296834946,1,0.36463505029678345,0.6996139287948608,0,0,0
1639,,0.20196688175201416,1,0.36486902832984924,0.6998541951179504,0,0,0
1640,,0.9999992847442627,1,0.36508622765541077,0.7000765800476074,0,0,0
1641,,0.13376030325889587,1,0.36528196930885315,0.7002758383750916,0,0,0
1642,,1.0,1,0.3653829097747803,0.7003784775733948,0,0,0
1643,,1.0000001192092896,1,0.3653962314128876,0.7003921270370483,0,0,0
1644,,0.08458877354860306,1,0.3655402958393097,0.7005361318588257,0,0,0
1645,,0.08037299662828445,1,0.36579373478889465,0.7007868885993958,0,0,0
1646,,0.11760248988866806,1,0.3660562336444855,0.7010476589202881,0,0,0
1647,,0.5554810762405396,1,0.3662184178829193,0.7012099027633667,0,0,0
1648,,0.9999999403953552,1,0.36626285314559937,0.7012543678283691,0,0,0
1649,,1.0,1,0.3662709891796112,0.7012625336647034,0,0,0
1650,,0.1298840194940567,1,0.36640480160713196,0.7013971209526062,0,0,0
1651,,0.09265707433223724,1,0.3666060268878937,0.7015989422798157,0,0,0
1652,,0.12474200129508972,1,0.36671561002731323,0.7017086744308472,0,0,0
1653,,0.0,1,0.366759330034256,0.7017526030540466,0,0,0
1654,,0.0,1,0.3667646646499634,0.7017579674720764,0,0,0
1655,,0.0,1,0.3667653501033783,0.701758623123169,0,0,0
1656,,0.09847254306077957,1,0.3669024109840393,0.7018966674804688,0,0,0
1657,,1.0,1,0.36700430512428284,0.7019996643066406,0,0,0
1658,,0.0,1,0.3670259416103363,0.7020214796066284,0,0,0
1659,,0.0,1,0.3670285940170288,0.7020242214202881,0,0,0
1660,,0.0,1,0.36702895164489746,0.7020244598388672,0,0,0
1661,,0.0,1,0.3670292794704437,0.7020246982574463,0,0,0
1662,,0.0,1,0.36702960729599,0.7020249366760254,0,0,0
1663,,0.0,1,0.3670300245285034,0.7020252346992493,0,0,0
1664,,0.0,1,0.3670300245285034,0.7020252346992493,0,0,0
1665,,0.0,1,0.3670300245285034,0.7020252346992493,0,0,0
1666,,0.0,1,0.3670300245285034,0.7020252346992493,0,0,0
1667,,0.0,1,0.3670300245285034,0.7020252346992493,0,0,0
1668,,0.0,1,0.3670300245285034,0.7020252346992493,0,0,0
1669,,0.0,1,0.3670300245285034,0.7020252346992493,0,0,0
1670,,0.0,1,0.3670300245285034,0.7020252346992493,0,0,0
1671,,0.9999998211860657,1,0.3670467734336853,0.7020422220230103,0,0,0
276,,0.9999992847442627,1,0.4098191261291504,0.772760272026062,0,0,0
277,,0.9999993443489075,1,0.4094744324684143,0.770454466342926,0,0,0
278,,0.9999991059303284,1,0.4097118377685547,0.7728545665740967,0,0,0
279,,0.9999993443489075,1,0.4104683995246887,0.7759473323822021,0,0,0
280,,0.9999993443489075,1,0.40907737612724304,0.7772678732872009,0,0,0
281,,0.9999995827674866,1,0.4093095362186432,0.7749460339546204,0,0,0
282,,0.9999994039535522,1,0.409083753824234,0.7749360799789429,0,0,0
283,,0.9999992847442627,1,0.410168319940567,0.772280216217041,0,0,0
284,,0.9999992251396179,1,0.4090808033943176,0.7706478834152222,0,0,0
285,,0.9999992847442627,1,0.4082060158252716,0.7730258107185364,0,0,0
286,,0.9999993443489075,1,0.4095923602581024,0.7703200578689575,0,0,0
287,,0.9999992251396179,1,0.4101676344871521,0.7703715562820435,0,0,0
288,,0.9999995231628418,1,0.4093667268753052,0.769949734210968,0,0,0
289,,0.9999992251396179,1,0.41001075506210327,0.7710779905319214,0,0,0
290,,0.9999994039535522,1,0.41082531213760376,0.7708985209465027,0,0,0
291,,0.999999463558197,1,0.4106786847114563,0.7680545449256897,0,0,0
292,,0.9999994039535522,1,0.41162651777267456,0.7696653008460999,0,0,0
293,,0.9999994039535522,1,0.41138580441474915,0.7712677121162415,0,0,0
294,,0.9999995231628418,1,0.4104861915111542,0.7687579989433289,0,0,0
295,,0.9999992847442627,1,0.41090014576911926,0.7688961029052734,0,0,0
296,,0.9999995231628418,1,0.41167891025543213,0.7714399695396423,0,0,0
297,,0.9999992847442627,1,0.4124378561973572,0.7684179544448853,0,0,0
298,,0.9999992251396179,1,0.4125008285045624,0.7710122466087341,0,0,0
299,,0.9999991655349731,1,0.41418594121932983,0.773713231086731,0,0,0
300,,0.9999990463256836,1,0.4119686782360077,0.7711871266365051,0,0,0
301,,0.9999994039535522,1,0.4126308262348175,0.7731949687004089,0,0,0
302,,0.9999995231628418,1,0.411930114030838,0.7752537727355957,0,0,0
303,,0.9999993443489075,1,0.4115206003189087,0.7732135653495789,0,0,0
304,,0.9999991655349731,1,0.4128963351249695,0.7736040353775024,0,0,0
305,,0.9999994039535522,1,0.4137062728404999,0.7754871249198914,0,0,0
306,,0.9999992251396179,1,0.4135344624519348,0.7781079411506653,0,0,0
307,,0.9999991059303284,1,0.4124568700790405,0.7793435454368591,0,0,0
308,,0.9999991059303284,1,0.4133307933807373,0.7820943593978882,0,0,0
309,,0.999999463558197,1,0.4137754738330841,0.7859011292457581,0,0,0
310,,0.9999992251396179,1,0.4136352241039276,0.7871260643005371,0,0,0
311,,0.9999993443489075,1,0.41435250639915466,0.7895799875259399,0,0,0
312,,0.9999992251396179,1,0.41520917415618896,0.789933979511261,0,0,0
313,,0.9999992847442627,1,0.4159628748893738,0.791599690914154,0,0,0
314,,0.9999992251396179,1,0.4161098301410675,0.7908656001091003,0,0,0
315,,0.9999991059303284,1,0.41483432054519653,0.7914154529571533,0,0,0
316,,0.9999991059303284,1,0.41446352005004883,0.791303277015686,0,0,0
317,,0.999999463558197,1,0.41275256872177124,0.7918077111244202,0,0,0
318,,0.9999992847442627,1,0.4131322205066681,0.7911733984947205,0,0,0
319,,0.9999992847442627,1,0.4112463593482971,0.7917032241821289,0,0,0
320,,0.9999992251396179,1,0.4135569632053375,0.7915988564491272,0,0,0
321,,0.9999991059303284,1,0.41424092650413513,0.7907804250717163,0,0,0
322,,0.9999992847442627,1,0.41308557987213135,0.7914138436317444,0,0,0
323,,0.9999992251396179,1,0.41467931866645813,0.7902988195419312,0,0,0
324,,0.9999994039535522,1,0.4131584167480469,0.7887116074562073,0,0,0
325,,0.9999992847442627,1,0.41331246495246887,0.7886570692062378,0,0,0
326,,0.9999991059303284,1,0.41342705488204956,0.7902529239654541,0,0,0
327,,0.9999992847442627,1,0.41415685415267944,0.792824923992157,0,0,0
328,,0.9999995231628418,1,0.41514986753463745,0.7896887063980103,0,0,0
329,,0.9999992847442627,1,0.4170043468475342,0.7911210656166077,0,0,0
330,,0.9999991059303284,1,0.4176182150840759,0.7943719029426575,0,0,0
331,,0.9999992847442627,1,0.4188290238380432,0.7954724431037903,0,0,0
332,,0.9999992847442627,1,0.4177361726760864,0.7972937226295471,0,0,0
333,,0.9999992847442627,1,0.4162348210811615,0.7969658970832825,0,0,0
334,,0.9999992251396179,1,0.41494324803352356,0.7958449125289917,0,0,0
335,,0.9999992847442627,1,0.4148103892803192,0.7967458963394165,0,0,0
336,,0.9999992847442627,1,0.41411060094833374,0.7998027801513672,0,0,0
337,,0.9999993443489075,1,0.4146183729171753,0.8010477423667908,0,0,0
338,,0.9999992847442627,1,0.4162624180316925,0.8050501346588135,0,0,0
339,,0.9999991655349731,1,0.4152613580226898,0.806648313999176,0,0,0
340,,0.6426436901092529,1,0.4152644872665405,0.808361828327179,0,0,0
341,,0.9999992847442627,1,0.4149472713470459,0.8065484762191772,0,0,0
342,,0.9999991655349731,1,0.4146125614643097,0.8038915991783142,0,0,0
343,,0.9999992251396179,1,0.4162555932998657,0.8014020919799805,0,0,0
344,,0.9999992251396179,1,0.41802331805229187,0.8015104532241821,0,0,0
345,,0.9999994039535522,1,0.42021119594573975,0.8022511601448059,0,0,0
346,,0.999999463558197,1,0.4186207950115204,0.8041846752166748,0,0,0
347,,0.9999995827674866,1,0.419908344745636,0.8010486960411072,0,0,0
348,,0.999999463558197,1,0.41973501443862915,0.7982815504074097,0,0,0
349,,0.999999463558197,1,0.4169589579105377,0.7988947033882141,0,0,0
350,,0.9999994039535522,1,0.41618481278419495,0.7965801358222961,0,0,0
351,,0.9999991655349731,1,0.4157017767429352,0.7956225872039795,0,0,0
352,,0.9999992251396179,1,0.4156186580657959,0.7974043488502502,0,0,0
353,,0.9999994039535522,1,0.4138907790184021,0.7964106202125549,0,0,0
354,,0.9999991655349731,1,0.41392800211906433,0.7949588298797607,0,0,0
355,,0.9999993443489075,1,0.4155539274215698,0.7937763929367065,0,0,0
356,,0.999999463558197,1,0.41524845361709595,0.7937009334564209,0,0,0
357,,0.9999993443489075,1,0.41409945487976074,0.7927402853965759,0,0,0
358,,0.9999993443489075,1,0.4143131971359253,0.7941298484802246,0,0,0
359,,0.9999992847442627,1,0.4143224060535431,0.793908417224884,0,0,0
360,,0.9999992847442627,1,0.4133259057998657,0.7937774062156677,0,0,0
361,,0.9999992251396179,1,0.4136657416820526,0.7934898734092712,0,0,0
362,,0.9999994039535522,1,0.41355350613594055,0.7908076643943787,0,0,0
363,,0.9999992847442627,1,0.4129185378551483,0.7913223505020142,0,0,0
364,,0.9999991655349731,1,0.4125615656375885,0.7946183681488037,0,0,0
365,,0.9999994039535522,1,0.4138510823249817,0.7978177070617676,0,0,0
366,,0.9999995827674866,1,0.41080355644226074,0.7974695563316345,0,0,0
367,,0.9999992847442627,1,0.4131535291671753,0.7961487770080566,0,0,0
368,,0.9999992847442627,1,0.41286998987197876,0.795900821685791,0,0,0
369,,0.9999992847442627,1,0.41302689909935,0.7983098030090332,0,0,0
370,,0.9999991059303284,1,0.41463524103164673,0.8004989624023438,0,0,0
371,,0.9999992251396179,1,0.4148206114768982,0.8030259013175964,0,0,0
372,,0.9999992251396179,1,0.41460680961608887,0.8038696050643921,0,0,0
373,,0.9999993443489075,1,0.4146135747432709,0.8025136590003967,0,0,0
374,,0.9999992847442627,1,0.41386914253234863,0.8016278147697449,0,0,0
375,,0.9999994039535522,1,0.4152091145515442,0.8030878901481628,0,0,0
376,,0.9999990463256836,1,0.415109783411026,0.8021949529647827,0,0,0
377,,0.999999463558197,1,0.41635680198669434,0.8060806393623352,0,0,0
378,,0.9999994039535522,1,0.41732892394065857,0.8052942156791687,0,0,0
379,,0.9999992251396179,1,0.415690153837204,0.8090271353721619,0,0,0
380,,0.7827973961830139,1,0.4158572852611542,0.8096588253974915,0,0,0
381,,0.7940966486930847,1,0.4148506224155426,0.80942702293396,0,0,0
382,,0.9999992251396179,1,0.41400229930877686,0.8079595565795898,0,0,0
383,,0.999998927116394,1,0.4142886698246002,0.8054527640342712,0,0,0
384,,0.9999992251396179,1,0.41511064767837524,0.8044813871383667,0,0,0
385,,0.9999992847442627,1,0.4151012897491455,0.8051952123641968,0,0,0
386,,0.9999993443489075,1,0.41620075702667236,0.8047189116477966,0,0,0
387,,0.9999991655349731,1,0.4149605333805084,0.8063541650772095,0,0,0
388,,0.9999992847442627,1,0.4153124988079071,0.8066076636314392,0,0,0
389,,0.9999993443489075,1,0.4156597852706909,0.8073909282684326,0,0,0
390,,0.9099064469337463,1,0.41626277565956116,0.8063080906867981,0,0,0
391,,0.9999992847442627,1,0.4171193242073059,0.8078411817550659,0,0,0
392,,0.9999992251396179,1,0.41748854517936707,0.8133533596992493,0,0,0
393,,0.9999994039535522,1,0.41726362705230713,0.8109301328659058,0,0,0
394,,0.9999991059303284,1,0.4175930619239807,0.8106196522712708,0,0,0
395,,0.9999992251396179,1,0.4162563979625702,0.8130983710289001,0,0,0
396,,0.9999992847442627,1,0.41810402274131775,0.8141701221466064,0,0,0
397,,0.9999993443489075,1,0.4190133810043335,0.8133472800254822,0,0,0
398,,0.9999992847442627,1,0.41790008544921875,0.8116006851196289,0,0,0
399,,0.9999990463256836,1,0.41785016655921936,0.8116711378097534,0,0,0
400,,0.9999989867210388,1,0.4164266288280487,0.8110191226005554,0,0,0
401,,0.9999992847442627,1,0.41638466715812683,0.8144532442092896,0,0,0
402,,0.9999992847442627,1,0.41751301288604736,0.8161892294883728,0,0,0
403,,0.9999992847442627,1,0.418351411819458,0.8148307204246521,0,0,0
404,,0.9999991059303284,1,0.4175657033920288,0.8150683641433716,0,0,0
405,,0.9741211533546448,1,0.4171018898487091,0.8147943615913391,0,0,0
406,,0.9999992251396179,1,0.4173901677131653,0.8121392130851746,0,0,0
407,,0.999999463558197,1,0.4178561568260193,0.8114583492279053,0,0,0
408,,0.9999993443489075,1,0.41719645261764526,0.8122432231903076,0,0,0
409,,0.9999991059303284,1,0.42016589641571045,0.8097697496414185,0,0,0
410,,0.999999463558197,1,0.42015257477760315,0.8073483109474182,0,0,0
411,,0.9999992251396179,1,0.4207843244075775,0.8053469657897949,0,0,0
412,,0.9999995231628418,1,0.4230666160583496,0.802164614200592,0,0,0
413,,0.9999992847442627,1,0.4237220287322998,0.8017714023590088,0,0,0
414,,0.9999994039535522,1,0.42316582798957825,0.8014299869537354,0,0,0
415,,0.9999991655349731,1,0.4225826859474182,0.8028217554092407,0,0,0
416,,0.9999994039535522,1,0.4205789864063263,0.8004476428031921,0,0,0
417,,0.9999992847442627,1,0.4209498465061188,0.7977104187011719,0,0,0
418,,0.9999995231628418,1,0.42030394077301025,0.7983232140541077,0,0,0
419,,0.999999463558197,1,0.4201010465621948,0.8016363978385925,0,0,0
420,,0.9999993443489075,1,0.417917400598526,0.8036414384841919,0,0,0
421,,0.9999993443489075,1,0.41763052344322205,0.8031410574913025,0,0,0
422,,0.9999991059303284,1,0.4146859347820282,0.8047876954078674,0,0,0
423,,0.9999992251396179,1,0.41370105743408203,0.8037617206573486,0,0,0
424,,0.9999993443489075,1,0.41398999094963074,0.8048632740974426,0,0,0
425,,0.9999994039535522,1,0.4123920798301697,0.8025034666061401,0,0,0
426,,0.9999991655349731,1,0.4126334488391876,0.8012060523033142,0,0,0
427,,0.9999989867210388,1,0.4125736355781555,0.8013118505477905,0,0,0
428,,0.9999992847442627,1,0.4138251543045044,0.8003527522087097,0,0,0
429,,0.7790995836257935,1,0.41330644488334656,0.7996461987495422,0,0,0
430,,0.9999990463256836,1,0.41333597898483276,0.7979122400283813,0,0,0
431,,0.999998927116394,1,0.4135415852069855,0.7993229031562805,0,0,0
432,,0.7598822116851807,1,0.41333290934562683,0.8000493049621582,0,0,0
433,,0.9999989867210388,1,0.4122931957244873,0.7989141941070557,0,0,0
434,,0.9999994039535522,1,0.411775141954422,0.7975381016731262,0,0,0
435,,0.9999993443489075,1,0.41318273544311523,0.7972207069396973,0,0,0
436,,0.9999995231628418,1,0.41265344619750977,0.7978198528289795,0,0,0
437,,0.9999992251396179,1,0.4138556718826294,0.7967272996902466,0,0,0
438,,0.9999991655349731,1,0.4116194546222687,0.7959407567977905,0,0,0
439,,0.9999992251396179,1,0.4106524586677551,0.7960860729217529,0,0,0
440,,0.9999991655349731,1,0.4110220670700073,0.7972459197044373,0,0,0
441,,0.8525648713111877,1,0.4112524390220642,0.7969495058059692,0,0,0
442,,0.9999992847442627,1,0.4130127429962158,0.7965098023414612,0,0,0
443,,0.9999992847442627,1,0.41402238607406616,0.7953356504440308,0,0,0
444,,0.9999991655349731,1,0.41399142146110535,0.7942561507225037,0,0,0
445,,0.9999994039535522,1,0.41429591178894043,0.7946411371231079,0,0,0
446,,0.9999993443489075,1,0.414554238319397,0.7944779396057129,0,0,0
447,,0.9999992847442627,1,0.4140530526638031,0.7973175048828125,0,0,0
448,,0.7642780542373657,1,0.4148178994655609,0.7986744046211243,0,0,0
449,,0.998002827167511,1,0.41428142786026,0.7989948391914368,0,0,0
450,,0.9999991655349731,1,0.41365158557891846,0.8013571500778198,0,0,0
451,,0.9999994039535522,1,0.412518709897995,0.8020874261856079,0,0,0
452,,0.9999992847442627,1,0.41303542256355286,0.8011800050735474,0,0,0
453,,0.9999992847442627,1,0.41526827216148376,0.8019940257072449,0,0,0
454,,0.9999991655349731,1,0.417579710483551,0.8016918301582336,0,0,0
455,,0.9999989867210388,1,0.4165489673614502,0.8017187714576721,0,0,0
456,,0.9999991059303284,1,0.4167892634868622,0.8026490807533264,0,0,0
457,,0.9999992251396179,1,0.4162290692329407,0.8026056885719299,0,0,0
458,,0.9999992251396179,1,0.41563358902931213,0.8016729950904846,0,0,0
459,,0.9999993443489075,1,0.41613173484802246,0.8024467825889587,0,0,0
460,,0.9999993443489075,1,0.41604188084602356,0.8026951551437378,0,0,0
461,,0.9999992251396179,1,0.4180457890033722,0.8020351529121399,0,0,0
462,,0.9999990463256836,1,0.4173363447189331,0.8023871779441833,0,0,0
463,,0.9999993443489075,1,0.4173399806022644,0.7993969321250916,0,0,0
464,,0.9999992847442627,1,0.41720661520957947,0.7987400889396667,0,0,0
465,,0.9999991059303284,1,0.4180997610092163,0.7982069253921509,0,0,0
466,,0.9999992847442627,1,0.4194779396057129,0.7992287874221802,0,0,0
467,,0.9999991655349731,1,0.41770443320274353,0.8010128140449524,0,0,0
468,,0.932136595249176,1,0.4179534316062927,0.8002362847328186,0,0,0
469,,0.9999991655349731,1,0.42046189308166504,0.7948999404907227,0,0,0
470,,0.9999993443489075,1,0.4206560254096985,0.7950922846794128,0,0,0
471,,0.9999993443489075,1,0.4213617146015167,0.7951021790504456,0,0,0
472,,0.9999992847442627,1,0.4228349030017853,0.7959181666374207,0,0,0
473,,0.9014785289764404,1,0.42188337445259094,0.7965502142906189,0,0,0
474,,0.9999991059303284,1,0.4210526645183563,0.7972655296325684,0,0,0
475,,0.9999992847442627,1,0.4217583239078522,0.7975034117698669,0,0,0
476,,0.9999993443489075,1,0.4202462136745453,0.7964330315589905,0,0,0
477,,0.9999991655349731,1,0.4200720489025116,0.7960073351860046,0,0,0
478,,0.9999993443489075,1,0.41936346888542175,0.7943211197853088,0,0,0
479,,0.9999992251396179,1,0.4203687608242035,0.794643223285675,0,0,0
480,,0.9999993443489075,1,0.421271413564682,0.7943949699401855,0,0,0
481,,0.9999993443489075,1,0.4196869134902954,0.79507976770401,0,0,0
482,,0.9999992847442627,1,0.42049455642700195,0.7938790321350098,0,0,0
483,,0.9999994039535522,1,0.421224981546402,0.7950369715690613,0,0,0
484,,0.9999992251396179,1,0.42020851373672485,0.7981526255607605,0,0,0
485,,0.9999992251396179,1,0.41910696029663086,0.7973198890686035,0,0,0
486,,0.9999991655349731,1,0.4167625904083252,0.7975563406944275,0,0,0
487,,0.9999992251396179,1,0.41573813557624817,0.7980115413665771,0,0,0
488,,0.9999991655349731,1,0.41536685824394226,0.7986664175987244,0,0,0
489,,0.9999991059303284,1,0.41659265756607056,0.7997118234634399,0,0,0
490,,0.9999992847442627,1,0.4164781868457794,0.7992032170295715,0,0,0
491,,0.9999993443489075,1,0.41897085309028625,0.7989254593849182,0,0,0
492,,0.9999994039535522,1,0.41920042037963867,0.7993909120559692,0,0,0
493,,0.9999992251396179,1,0.41865628957748413,0.8020398020744324,0,0,0
494,,0.9999992251396179,1,0.4194767475128174,0.8027548789978027,0,0,0
495,,0.9999992251396179,1,0.41811367869377136,0.7995796799659729,0,0,0
496,,0.9999993443489075,1,0.4180867671966553,0.8012827634811401,0,0,0
497,,0.9999991655349731,1,0.4173857867717743,0.7985192537307739,0,0,0
498,,0.9999993443489075,1,0.41718682646751404,0.7976139187812805,0,0,0
499,,0.9999991655349731,1,0.4150997996330261,0.798103928565979,0,0,0
500,,0.9999992251396179,1,0.41760045289993286,0.8006824851036072,0,0,0
501,,0.9999991059303284,1,0.4185458719730377,0.8015294075012207,0,0,0
502,,0.9999995231628418,1,0.4184044897556305,0.8007358312606812,0,0,0
503,,0.9999992251396179,1,0.4180149435997009,0.8022692203521729,0,0,0
504,,0.9999992847442627,1,0.41810768842697144,0.7997032403945923,0,0,0
505,,0.9999992847442627,1,0.41817185282707214,0.8007063865661621,0,0,0
506,,0.9999994039535522,1,0.4172252416610718,0.8029743432998657,0,0,0
507,,0.9999993443489075,1,0.4173802435398102,0.8036827445030212,0,0,0
508,,0.9999990463256836,1,0.4177159368991852,0.8064624667167664,0,0,0
509,,0.9999991059303284,1,0.4200640618801117,0.8087003231048584,0,0,0
510,,0.9999992847442627,1,0.4199678301811218,0.8076431155204773,0,0,0
511,,0.9999993443489075,1,0.4208310842514038,0.8088451623916626,0,0,0
512,,0.9999993443489075,1,0.4210352897644043,0.8089611530303955,0,0,0
513,,0.9999992847442627,1,0.4220687448978424,0.8045002818107605,0,0,0
514,,0.9999993443489075,1,0.42156800627708435,0.8038589954376221,0,0,0
515,,0.9999993443489075,1,0.4214090406894684,0.8013537526130676,0,0,0
516,,0.9999992251396179,1,0.42093080282211304,0.8007807731628418,0,0,0
517,,0.9999994039535522,1,0.4206937849521637,0.7974610328674316,0,0,0
518,,0.9999993443489075,1,0.41878819465637207,0.7964640259742737,0,0,0
519,,0.9995839595794678,1,0.41974279284477234,0.797232985496521,0,0,0
520,,0.9999991059303284,1,0.42034900188446045,0.7960869073867798,0,0,0
521,,0.9999992847442627,1,0.4210685193538666,0.7990458011627197,0,0,0
522,,0.999999463558197,1,0.42090409994125366,0.7980355024337769,0,0,0
523,,0.9999991655349731,1,0.41911765933036804,0.7961596846580505,0,0,0
524,,0.9999991059303284,1,0.4194871187210083,0.7970787882804871,0,0,0
525,,0.9999991059303284,1,0.41745978593826294,0.7980849742889404,0,0,0
526,,0.9999993443489075,1,0.41646936535835266,0.8002901673316956,0,0,0
527,,0.7244713306427002,1,0.4166387617588043,0.8007475733757019,0,0,0
528,,0.8738966584205627,1,0.4149041771888733,0.7999865412712097,0,0,0
529,,0.9999991059303284,1,0.41361770033836365,0.7984314560890198,0,0,0
530,,0.9999991655349731,1,0.4146920442581177,0.7965949177742004,0,0,0
531,,0.9999992847442627,1,0.41415274143218994,0.7978501915931702,0,0,0
532,,0.9999991059303284,1,0.41493237018585205,0.7995778918266296,0,0,0
533,,0.9874128103256226,1,0.41356563568115234,0.7967140078544617,0,0,0
534,,0.9999993443489075,1,0.41490036249160767,0.7968523502349854,0,0,0
535,,0.9999992847442627,1,0.41689425706863403,0.7972573041915894,0,0,0
536,,0.9999992251396179,1,0.41616109013557434,0.7973616123199463,0,0,0
537,,0.968666672706604,1,0.41789111495018005,0.7971459031105042,0,0,0
538,,0.8010031580924988,1,0.418704628944397,0.7964484095573425,0,0,0
539,,0.9999993443489075,1,0.4184081256389618,0.7970535159111023,0,0,0
540,,0.9999992847442627,1,0.4180518686771393,0.7932358980178833,0,0,0
541,,0.9999992847442627,1,0.41766297817230225,0.7933182120323181,0,0,0
542,,0.9999991059303284,1,0.4162675738334656,0.7925941944122314,0,0,0
543,,0.9999992251396179,1,0.41408446431159973,0.7929255962371826,0,0,0
544,,0.9999989867210388,1,0.41466474533081055,0.7930203676223755,0,0,0
545,,0.9999992251396179,1,0.4139595627784729,0.791733980178833,0,0,0
546,,0.9999991655349731,1,0.41367441415786743,0.7903874516487122,0,0,0
547,,0.9999993443489075,1,0.4132544696331024,0.7910993695259094,0,0,0
548,,0.9999992847442627,1,0.4142405688762665,0.7917616963386536,0,0,0
549,,0.9999991655349731,1,0.41334402561187744,0.7913714051246643,0,0,0
550,,0.8285267949104309,1,0.41295647621154785,0.7900105714797974,0,0,0
551,,0.9376229643821716,1,0.41270390152931213,0.789578378200531,0,0,0
552,,0.9999992251396179,1,0.4140525758266449,0.7867456078529358,0,0,0
553,,0.9999992251396179,1,0.4168965518474579,0.7860925793647766,0,0,0
554,,0.9999991059303284,1,0.41497036814689636,0.7846297025680542,0,0,0
555,,0.9999993443489075,1,0.41287118196487427,0.7869630455970764,0,0,0
556,,0.9999993443489075,1,0.41173288226127625,0.7880833148956299,0,0,0
557,,0.9999991655349731,1,0.41096219420433044,0.7863156795501709,0,0,0
558,,0.7962037920951843,1,0.411517471075058,0.7881518602371216,0,0,0
559,,0.9999991059303284,1,0.41030797362327576,0.7874211668968201,0,0,0
560,,0.9999992251396179,1,0.40903806686401367,0.7875404953956604,0,0,0
561,,0.9999991655349731,1,0.40940889716148376,0.7895048260688782,0,0,0
562,,0.9999992251396179,1,0.4072785973548889,0.7899190187454224,0,0,0
563,,0.9999991655349731,1,0.40573376417160034,0.7895526885986328,0,0,0
564,,0.9625762104988098,1,0.40649527311325073,0.7881394624710083,0,0,0
565,,0.9999993443489075,1,0.40655145049095154,0.785687267780304,0,0,0
566,,0.9999992847442627,1,0.4051540791988373,0.785120964050293,0,0,0
567,,0.948356032371521,1,0.4037434756755829,0.7872317433357239,0,0,0
568,,0.9999992251396179,1,0.4047337770462036,0.7873014807701111,0,0,0
569,,0.9999992251396179,1,0.4057253301143646,0.7856557369232178,0,0,0
570,,0.9999994039535522,1,0.40624451637268066,0.7858127355575562,0,0,0
571,,0.9999993443489075,1,0.40732038021087646,0.7872719168663025,0,0,0
572,,0.9764410257339478,1,0.4065375328063965,0.7877876162528992,0,0,0
573,,0.9999991059303284,1,0.4075686037540436,0.7876135110855103,0,0,0
574,,0.9999992847442627,1,0.4089963436126709,0.784802258014679,0,0,0
575,,0.9999992251396179,1,0.408709853887558,0.7831493616104126,0,0,0
576,,0.9999992847442627,1,0.40847405791282654,0.7843531370162964,0,0,0
577,,0.9999992847442627,1,0.4079097509384155,0.7870151996612549,0,0,0
578,,0.9999992251396179,1,0.40853655338287354,0.7877384424209595,0,0,0
579,,0.9999993443489075,1,0.4077552855014801,0.7887315154075623,0,0,0
580,,0.9999993443489075,1,0.4060051441192627,0.7879940271377563,0,0,0
581,,0.9999994039535522,1,0.4046711325645447,0.7874819040298462,0,0,0
582,,0.9999993443489075,1,0.4054572284221649,0.7905814051628113,0,0,0
583,,0.9999990463256836,1,0.40360236167907715,0.7917993068695068,0,0,0
584,,0.9999992251396179,1,0.403092622756958,0.7896589636802673,0,0,0
585,,0.9999993443489075,1,0.40240994095802307,0.7895627021789551,0,0,0
586,,0.9999992251396179,1,0.40182533860206604,0.7900114059448242,0,0,0
587,,0.9999992251396179,1,0.4016735851764679,0.7903327941894531,0,0,0
588,,0.9999991655349731,1,0.4015199542045593,0.7915278673171997,0,0,0
589,,0.9999991059303284,1,0.4023068845272064,0.7918575406074524,0,0,0
590,,0.9050182104110718,1,0.4018440544605255,0.7943940758705139,0,0,0
591,,0.9999991059303284,1,0.4016008675098419,0.7955498099327087,0,0,0
592,,0.9999991655349731,1,0.40199393033981323,0.795274019241333,0,0,0
593,,0.9999993443489075,1,0.4018488824367523,0.7952592968940735,0,0,0
594,,0.9999994039535522,1,0.40086397528648376,0.7946882843971252,0,0,0
595,,0.874535322189331,1,0.40026360750198364,0.7932597994804382,0,0,0
596,,0.9207324385643005,1,0.4010057747364044,0.7937373518943787,0,0,0
597,,0.9999991059303284,1,0.40151873230934143,0.7935248613357544,0,0,0
598,,0.9999991059303284,1,0.4006566107273102,0.7929925918579102,0,0,0
599,,0.8381869196891785,1,0.3989318013191223,0.7911235094070435,0,0,0
600,,0.9999992251396179,1,0.3996947109699249,0.7917377352714539,0,0,0
601,,0.9999993443489075,1,0.3978291153907776,0.7934601306915283,0,0,0
602,,0.9999993443489075,1,0.39856427907943726,0.7909479141235352,0,0,0
603,,0.9999990463256836,1,0.4000251591205597,0.7917115092277527,0,0,0
604,,0.9999992847442627,1,0.4016418755054474,0.7908204197883606,0,0,0
605,,0.9999992251396179,1,0.4020935893058777,0.7907401323318481,0,0,0
606,,0.9999990463256836,1,0.4024260640144348,0.7881181836128235,0,0,0
607,,0.9999992251396179,1,0.4010683596134186,0.7880594730377197,0,0,0
608,,0.9999992847442627,1,0.39914369583129883,0.7912407517433167,0,0,0
609,,0.9999992847442627,1,0.4011167287826538,0.7910553812980652,0,0,0
610,,0.9999992847442627,1,0.40026453137397766,0.7865938544273376,0,0,0
611,,0.9999991655349731,1,0.40039893984794617,0.7872251272201538,0,0,0
612,,0.9999991059303284,1,0.4005989134311676,0.7868436574935913,0,0,0
613,,0.9132357239723206,1,0.40012747049331665,0.7842526435852051,0,0,0
614,,0.999999463558197,1,0.40113094449043274,0.7854731678962708,0,0,0
615,,0.9999992251396179,1,0.40201935172080994,0.785146176815033,0,0,0
616,,0.9999992251396179,1,0.4020068347454071,0.7829349637031555,0,0,0
617,,0.9999992251396179,1,0.4023159146308899,0.77900630235672,0,0,0
618,,0.9999993443489075,1,0.4000665247440338,0.7783552408218384,0,0,0
619,,0.9999992847442627,1,0.4006483852863312,0.778464674949646,0,0,0
620,,0.9999994039535522,1,0.39985087513923645,0.7749617695808411,0,0,0
621,,0.9999994039535522,1,0.39960935711860657,0.7762622833251953,0,0,0
622,,0.9151079058647156,1,0.40010732412338257,0.7770084142684937,0,0,0
623,,0.9999990463256836,1,0.4014124870300293,0.7780071496963501,0,0,0
624,,0.9710432887077332,1,0.4013192355632782,0.7784372568130493,0,0,0
625,,0.9999992251396179,1,0.4015827476978302,0.7747544646263123,0,0,0
626,,0.9999990463256836,1,0.4034632742404938,0.7746526598930359,0,0,0
627,,0.9999992251396179,1,0.4037361741065979,0.7778709530830383,0,0,0
628,,0.999998927116394,1,0.4032473862171173,0.7759026288986206,0,0,0
629,,0.9976943731307983,1,0.4037727117538452,0.7739787101745605,0,0,0
630,,0.9999992251396179,1,0.40322935581207275,0.7735106348991394,0,0,0
631,,0.9999992847442627,1,0.40383216738700867,0.7727326154708862,0,0,0
632,,0.9999991655349731,1,0.4032804071903229,0.7732061147689819,0,0,0
633,,0.9999992251396179,1,0.402426153421402,0.7719166278839111,0,0,0
634,,0.9999991655349731,1,0.4017409384250641,0.7725329399108887,0,0,0
635,,0.9999995231628418,1,0.4028465151786804,0.773317813873291,0,0,0
636,,0.9999990463256836,1,0.40275099873542786,0.7742103338241577,0,0,0
637,,0.9999993443489075,1,0.40379318594932556,0.774426281452179,0,0,0
638,,0.9999994039535522,1,0.4034881591796875,0.7764940857887268,0,0,0
639,,0.9999992847442627,1,0.4028956890106201,0.7789108157157898,0,0,0
640,,0.9242053031921387,1,0.4023219347000122,0.7813223600387573,0,0,0
641,,0.7948155403137207,1,0.401727557182312,0.7840636968612671,0,0,0
642,,0.7894728183746338,1,0.4017491638660431,0.7840024828910828,0,0,0
643,,0.8873167037963867,1,0.40020087361335754,0.7839605212211609,0,0,0
644,,0.8136246204376221,1,0.39880821108818054,0.7821680307388306,0,0,0
645,,0.9409151077270508,1,0.39853835105895996,0.7802056670188904,0,0,0
646,,0.999999463558197,1,0.3980218470096588,0.7832379937171936,0,0,0
647,,0.9999994039535522,1,0.3988419771194458,0.7821957468986511,0,0,0
648,,0.9999991655349731,1,0.3983612656593323,0.7812698483467102,0,0,0
649,,0.9999992251396179,1,0.39875805377960205,0.7812741994857788,0,0,0
650,,0.9999993443489075,1,0.39951756596565247,0.7808566093444824,0,0,0
651,,0.9999991655349731,1,0.4000241458415985,0.7820960283279419,0,0,0
652,,0.9999993443489075,1,0.39960554242134094,0.7792038321495056,0,0,0
653,,0.9999991059303284,1,0.3988729417324066,0.7764192223548889,0,0,0
654,,0.999998927116394,1,0.3998308777809143,0.7773947715759277,0,0,0
655,,0.9999993443489075,1,0.3997471034526825,0.7799739837646484,0,0,0
656,,0.9999993443489075,1,0.39793747663497925,0.7796322703361511,0,0,0
657,,0.9999993443489075,1,0.39880725741386414,0.7800847887992859,0,0,0
658,,0.9999992251396179,1,0.39828935265541077,0.7812696099281311,0,0,0
659,,0.9999993443489075,1,0.3980902135372162,0.7823269367218018,0,0,0
660,,0.9999992847442627,1,0.3986191153526306,0.7819724678993225,0,0,0
661,,0.8174496293067932,1,0.3994293212890625,0.7811644673347473,0,0,0
662,,0.9237385392189026,1,0.39935025572776794,0.7798133492469788,0,0,0
663,,0.9999991655349731,1,0.3986458480358124,0.7756506204605103,0,0,0
664,,0.9999993443489075,1,0.3989715576171875,0.7733747363090515,0,0,0
665,,0.9999990463256836,1,0.39998823404312134,0.7737550735473633,0,0,0
666,,0.9999991059303284,1,0.3997933268547058,0.7743063569068909,0,0,0
667,,0.9999992847442627,1,0.3991083800792694,0.7722099423408508,0,0,0
668,,0.8532840013504028,1,0.39926180243492126,0.771529495716095,0,0,0
669,,0.9663262963294983,1,0.3984474837779999,0.7709600329399109,0,0,0
670,,0.9999991059303284,1,0.3971942365169525,0.7728484272956848,0,0,0
671,,0.9811463356018066,1,0.39552628993988037,0.7720009684562683,0,0,0
672,,0.9999992251396179,1,0.3948555588722229,0.7721024751663208,0,0,0
673,,0.815802276134491,1,0.39395058155059814,0.7728518843650818,0,0,0
674,,0.9291453957557678,1,0.39431044459342957,0.7745174169540405,0,0,0
675,,0.9999991059303284,1,0.3951677978038788,0.7767025828361511,0,0,0
676,,0.9999992847442627,1,0.39326658844947815,0.773659884929657,0,0,0
677,,0.9999992847442627,1,0.3931148052215576,0.7748796343803406,0,0,0
678,,0.9999992847442627,1,0.3926217555999756,0.7739285230636597,0,0,0
679,,0.9999989867210388,1,0.39273935556411743,0.774115800857544,0,0,0
680,,0.7283709049224854,1,0.3931315243244171,0.7733675837516785,0,0,0
681,,0.9999990463256836,1,0.3932031989097595,0.771655261516571,0,0,0
682,,0.9587180018424988,1,0.39238792657852173,0.7688425183296204,0,0,0
683,,0.9999992251396179,1,0.39351552724838257,0.7700241804122925,0,0,0
684,,0.9999992847442627,1,0.3947138488292694,0.7725086808204651,0,0,0
685,,0.9999990463256836,1,0.39621081948280334,0.7715887427330017,0,0,0
686,,0.8443027138710022,1,0.39644956588745117,0.7708271741867065,0,0,0
687,,0.8417519927024841,1,0.3965945541858673,0.7695562243461609,0,0,0
688,,0.9999992847442627,1,0.39859169721603394,0.7709909081459045,0,0,0
689,,0.9999992251396179,1,0.399244487285614,0.7723202109336853,0,0,0
690,,0.810749888420105,1,0.3984372019767761,0.7718598246574402,0,0,0
691,,0.9999991059303284,1,0.39784786105155945,0.7714038491249084,0,0,0
692,,0.9999991059303284,1,0.3973885178565979,0.7723092436790466,0,0,0
693,,0.8482477068901062,1,0.3986113369464874,0.772037148475647,0,0,0
694,,0.9999994039535522,1,0.39607858657836914,0.7686848640441895,0,0,0
695,,0.9999991655349731,1,0.3941263258457184,0.7666352987289429,0,0,0
696,,0.9999993443489075,1,0.394130676984787,0.766473114490509,0,0,0
697,,0.9999992847442627,1,0.39417046308517456,0.76605224609375,0,0,0
698,,0.9999991655349731,1,0.3940247893333435,0.7654740214347839,0,0,0
699,,0.9999994039535522,1,0.3937202990055084,0.7662871479988098,0,0,0
700,,0.9999992847442627,1,0.39082175493240356,0.7672519087791443,0,0,0
701,,0.9999993443489075,1,0.3925759494304657,0.7679940462112427,0,0,0
702,,0.9999992847442627,1,0.3938458561897278,0.7677611112594604,0,0,0
703,,0.9267885684967041,1,0.39226096868515015,0.7656581997871399,0,0,0
704,,0.9999993443489075,1,0.39267098903656006,0.764474630355835,0,0,0
705,,0.9999992251396179,1,0.39238882064819336,0.7645921111106873,0,0,0
706,,0.9999994039535522,1,0.39148396253585815,0.7616955041885376,0,0,0
707,,0.999999463558197,1,0.3920385539531708,0.760342001914978,0,0,0
708,,0.9999995231628418,1,0.3926616907119751,0.7630494832992554,0,0,0
709,,0.9999991655349731,1,0.39298000931739807,0.7615642547607422,0,0,0
710,,0.9999992847442627,1,0.39282530546188354,0.7593399286270142,0,0,0
711,,0.9999992251396179,1,0.3940160572528839,0.7598391771316528,0,0,0
712,,0.8118643760681152,1,0.3942323625087738,0.7603545784950256,0,0,0
713,,0.9772005677223206,1,0.3946623206138611,0.7588136196136475,0,0,0
714,,0.9999991655349731,1,0.39618438482284546,0.7581205368041992,0,0,0
715,,0.8016849756240845,1,0.39610838890075684,0.7571858763694763,0,0,0
716,,0.7202744483947754,1,0.39648279547691345,0.7568386197090149,0,0,0
717,,0.999998927116394,1,0.3963679075241089,0.7575045824050903,0,0,0
718,,0.9999991655349731,1,0.39519399404525757,0.7580017447471619,0,0,0
719,,0.9999993443489075,1,0.39445891976356506,0.7578749656677246,0,0,0
720,,0.9999992251396179,1,0.3951975107192993,0.7581080198287964,0,0,0
721,,0.9999993443489075,1,0.3942284882068634,0.7590670585632324,0,0,0
722,,0.9999992847442627,1,0.39361703395843506,0.760810375213623,0,0,0
723,,0.9999995231628418,1,0.3944905400276184,0.7620514631271362,0,0,0
724,,0.9999992251396179,1,0.39551863074302673,0.7614628076553345,0,0,0
725,,0.9999992847442627,1,0.396384596824646,0.7595282793045044,0,0,0
726,,0.9999991655349731,1,0.3954569399356842,0.7607795596122742,0,0,0
727,,0.9999992251396179,1,0.39567071199417114,0.7613831758499146,0,0,0
728,,0.9999992847442627,1,0.39588895440101624,0.7630134224891663,0,0,0
729,,0.9999992847442627,1,0.3943406045436859,0.7649061679840088,0,0,0
730,,0.9951025247573853,1,0.3944946527481079,0.7676039934158325,0,0,0
731,,0.99791020154953,1,0.39442887902259827,0.7667316794395447,0,0,0
732,,0.9999994039535522,1,0.3958909809589386,0.7665146589279175,0,0,0
733,,0.9999992847442627,1,0.39739662408828735,0.7685957551002502,0,0,0
734,,0.9999990463256836,1,0.3956725299358368,0.769463062286377,0,0,0
735,,0.9668810963630676,1,0.39450323581695557,0.7687058448791504,0,0,0
736,,0.9999991655349731,1,0.39371007680892944,0.7667012810707092,0,0,0
737,,0.9999993443489075,1,0.3960969150066376,0.7667809724807739,0,0,0
738,,0.9999992847442627,1,0.3965834081172943,0.7689502835273743,0,0,0
739,,0.999999463558197,1,0.39799991250038147,0.7688579559326172,0,0,0
740,,0.9999994039535522,1,0.3964996635913849,0.7658922076225281,0,0,0
741,,0.9999992251396179,1,0.3951871693134308,0.7655879855155945,0,0,0
742,,0.9999994039535522,1,0.3937718868255615,0.7623160481452942,0,0,0
743,,0.9999991655349731,1,0.39459478855133057,0.7633670568466187,0,0,0
744,,0.9999992847442627,1,0.3950994610786438,0.7624094486236572,0,0,0
745,,0.9999991059303284,1,0.39566320180892944,0.7603600025177002,0,0,0
746,,0.9999991655349731,1,0.39544105529785156,0.759198009967804,0,0,0
747,,0.9999992251396179,1,0.3951398730278015,0.7597514986991882,0,0,0
748,,0.9999993443489075,1,0.3950214087963104,0.7601425647735596,0,0,0
749,,0.9999993443489075,1,0.3937762379646301,0.7581599354743958,0,0,0
750,,0.9999991059303284,1,0.3934440016746521,0.7580969929695129,0,0,0
751,,0.9999992251396179,1,0.3938504159450531,0.7562182545661926,0,0,0
752,,0.9999993443489075,1,0.3943837285041809,0.753687858581543,0,0,0
753,,0.9999990463256836,1,0.3954344391822815,0.752808690071106,0,0,0
754,,0.9999992847442627,1,0.39572060108184814,0.7535192370414734,0,0,0
755,,0.9999992847442627,1,0.3945291042327881,0.7574086785316467,0,0,0
756,,0.9999991059303284,1,0.3936295211315155,0.7599416971206665,0,0,0
757,,0.9999992251396179,1,0.39264652132987976,0.7611645460128784,0,0,0
758,,0.9999993443489075,1,0.39051899313926697,0.7606379985809326,0,0,0
759,,0.9999992847442627,1,0.39045897126197815,0.7608254551887512,0,0,0
760,,0.9999991059303284,1,0.3886968493461609,0.76214200258255,0,0,0
761,,0.9999992251396179,1,0.38844576478004456,0.7624084949493408,0,0,0
762,,0.9999993443489075,1,0.38969331979751587,0.7626204490661621,0,0,0
763,,0.9328417778015137,1,0.3897215723991394,0.7618536353111267,0,0,0
764,,0.9999991655349731,1,0.39169830083847046,0.7626545429229736,0,0,0
765,,0.9999991655349731,1,0.3924744427204132,0.7619958519935608,0,0,0
766,,0.9999992251396179,1,0.39263710379600525,0.7628136873245239,0,0,0
767,,0.999999463558197,1,0.392818421125412,0.7632476687431335,0,0,0
768,,0.9999992251396179,1,0.39208507537841797,0.7642514705657959,0,0,0
769,,0.9999989867210388,1,0.3926244378089905,0.7633719444274902,0,0,0
770,,0.9999992847442627,1,0.3925149440765381,0.7637783885002136,0,0,0
771,,0.9999992847442627,1,0.3928537368774414,0.7666719555854797,0,0,0
772,,0.9999992251396179,1,0.39465251564979553,0.7677600383758545,0,0,0
773,,0.9999993443489075,1,0.39470380544662476,0.7662330865859985,0,0,0
774,,0.9999994039535522,1,0.3940584063529968,0.768100917339325,0,0,0
775,,0.8161860108375549,1,0.39449283480644226,0.7675614953041077,0,0,0
776,,0.9999990463256836,1,0.3919595181941986,0.7663885354995728,0,0,0
777,,0.9999993443489075,1,0.3902432918548584,0.7660461664199829,0,0,0
778,,0.8244571685791016,1,0.3909851610660553,0.7654345631599426,0,0,0
779,,0.9999992251396179,1,0.39025813341140747,0.7647109031677246,0,0,0
780,,0.9999991059303284,1,0.38975104689598083,0.7673159241676331,0,0,0
781,,0.9999994039535522,1,0.3900689482688904,0.7656124234199524,0,0,0
782,,0.9999993443489075,1,0.39039647579193115,0.7659140825271606,0,0,0
783,,0.9999992847442627,1,0.3910124599933624,0.7667186260223389,0,0,0
784,,0.9999991655349731,1,0.39116355776786804,0.7683510780334473,0,0,0
785,,0.9999991655349731,1,0.3937978744506836,0.769850492477417,0,0,0
786,,0.9999992847442627,1,0.3935885727405548,0.7714855074882507,0,0,0
787,,0.9999992847442627,1,0.39051586389541626,0.771926760673523,0,0,0
788,,0.9598509669303894,1,0.3898799419403076,0.771259605884552,0,0,0
789,,0.9999990463256836,1,0.3898453414440155,0.7743918299674988,0,0,0
790,,0.7455940246582031,1,0.390231192111969,0.7738007307052612,0,0,0
791,,0.9999990463256836,1,0.3904722034931183,0.7726127505302429,0,0,0
792,,0.9999993443489075,1,0.39014342427253723,0.7712888717651367,0,0,0
793,,0.9999991655349731,1,0.38894933462142944,0.7702521681785583,0,0,0
794,,0.9999993443489075,1,0.38980910181999207,0.7695712447166443,0,0,0
795,,0.9999991655349731,1,0.3900453746318817,0.7681518197059631,0,0,0
796,,0.9999995231628418,1,0.3896852433681488,0.7686372399330139,0,0,0
797,,0.9999995231628418,1,0.389587938785553,0.7675548195838928,0,0,0
798,,0.9999992251396179,1,0.3907272517681122,0.7652132511138916,0,0,0
799,,0.9999991059303284,1,0.393257737159729,0.766691267490387,0,0,0
800,,0.5747426152229309,1,0.39376917481422424,0.7669277191162109,0,0,0
801,,0.8382619619369507,1,0.3930753767490387,0.7676177620887756,0,0,0
802,,0.9999991655349731,1,0.3911413848400116,0.7658898830413818,0,0,0
803,,0.9999991059303284,1,0.390880823135376,0.7658469676971436,0,0,0
804,,0.9999992251396179,1,0.3914499878883362,0.7676297426223755,0,0,0
805,,0.852595865726471,1,0.39124396443367004,0.7684423327445984,0,0,0
806,,0.8174614310264587,1,0.3896186649799347,0.7687035799026489,0,0,0
807,,0.8942253589630127,1,0.38891202211380005,0.7686061859130859,0,0,0
808,,0.9999991059303284,1,0.3882879614830017,0.7694799304008484,0,0,0
809,,0.9999992847442627,1,0.38675421476364136,0.771449863910675,0,0,0
810,,0.9999992251396179,1,0.3858819901943207,0.7734963297843933,0,0,0
811,,0.9999992251396179,1,0.38482698798179626,0.7767672538757324,0,0,0
812,,0.9999992847442627,1,0.3840940594673157,0.7768020629882812,0,0,0
813,,0.9999992847442627,1,0.38569292426109314,0.7775355577468872,0,0,0
814,,0.9999992847442627,1,0.38552916049957275,0.7755458354949951,0,0,0
815,,0.9999991059303284,1,0.386115700006485,0.7721481919288635,0,0,0
816,,0.9999992251396179,1,0.38291993737220764,0.7716467380523682,0,0,0
817,,0.9999995231628418,1,0.38178303837776184,0.7702226638793945,0,0,0
818,,0.9367846250534058,1,0.38203755021095276,0.769416093826294,0,0,0
819,,0.9999991655349731,1,0.3824990391731262,0.7694318890571594,0,0,0
820,,0.7725967168807983,1,0.382398396730423,0.7710021734237671,0,0,0
821,,0.9999992251396179,1,0.38093310594558716,0.7724792957305908,0,0,0
822,,0.5395482778549194,1,0.3809506297111511,0.7728069424629211,0,0,0
823,,0.9999991059303284,1,0.3814506232738495,0.7727144956588745,0,0,0
824,,0.9999994039535522,1,0.38003024458885193,0.774228036403656,0,0,0
825,,0.999999463558197,1,0.3812325894832611,0.7745635509490967,0,0,0
826,,0.9999993443489075,1,0.3814485967159271,0.7774527668952942,0,0,0
827,,0.9999992847442627,1,0.3832305669784546,0.777648389339447,0,0,0
828,,0.9999994039535522,1,0.3819758892059326,0.7783797383308411,0,0,0
829,,0.9999991655349731,1,0.3811996281147003,0.7760289311408997,0,0,0
830,,0.9999992251396179,1,0.3822984993457794,0.7772572636604309,0,0,0
831,,0.999999463558197,1,0.38214200735092163,0.7782256603240967,0,0,0
832,,0.9999992251396179,1,0.38157904148101807,0.7802862524986267,0,0,0
833,,0.9999992251396179,1,0.3814224302768707,0.7780804634094238,0,0,0
834,,0.9999994039535522,1,0.3820949196815491,0.7777122259140015,0,0,0
835,,0.9999992251396179,1,0.3820800483226776,0.7779064178466797,0,0,0
836,,0.9999993443489075,1,0.38318052887916565,0.7770176529884338,0,0,0
837,,0.9851281642913818,1,0.38376036286354065,0.7764775156974792,0,0,0
838,,0.9999995231628418,1,0.3844323754310608,0.7738621234893799,0,0,0
839,,0.9999994039535522,1,0.3833661377429962,0.7744355201721191,0,0,0
840,,0.9999992847442627,1,0.38289713859558105,0.7764573693275452,0,0,0
841,,0.9999993443489075,1,0.38425421714782715,0.7750809192657471,0,0,0
842,,0.9999994039535522,1,0.38711825013160706,0.7744231224060059,0,0,0
843,,0.9999993443489075,1,0.38861283659935,0.7724058032035828,0,0,0
844,,0.9999993443489075,1,0.3898726999759674,0.7722189426422119,0,0,0
845,,0.9999993443489075,1,0.39081400632858276,0.772595226764679,0,0,0
846,,0.9999994039535522,1,0.39119401574134827,0.7704967260360718,0,0,0
847,,0.9999989867210388,1,0.3911439776420593,0.7689199447631836,0,0,0
848,,0.9999992847442627,1,0.39168232679367065,0.7684652805328369,0,0,0
849,,0.9999993443489075,1,0.3923213481903076,0.7662320733070374,0,0,0
850,,0.9999991059303284,1,0.39114052057266235,0.7655047178268433,0,0,0
851,,0.9999992251396179,1,0.3901747763156891,0.76486736536026,0,0,0
852,,0.9999992251396179,1,0.39032304286956787,0.7644516229629517,0,0,0
853,,0.9999992251396179,1,0.38718757033348083,0.7650193572044373,0,0,0
854,,0.9999991655349731,1,0.3869642913341522,0.7656289935112,0,0,0
855,,0.9999993443489075,1,0.38689711689949036,0.7628889679908752,0,0,0
856,,0.9999992847442627,1,0.38701993227005005,0.7627977728843689,0,0,0
857,,0.9999991655349731,1,0.38668546080589294,0.7594472765922546,0,0,0
858,,0.9999991059303284,1,0.3879648745059967,0.7573708891868591,0,0,0
859,,0.9999992847442627,1,0.3887852728366852,0.7589079737663269,0,0,0
860,,0.9999993443489075,1,0.38733309507369995,0.7606721520423889,0,0,0
861,,0.9999993443489075,1,0.38867732882499695,0.760340690612793,0,0,0
862,,0.9999992847442627,1,0.3891678750514984,0.7617297172546387,0,0,0
863,,0.9999994039535522,1,0.3892076909542084,0.7636690139770508,0,0,0
864,,0.9999994039535522,1,0.3912738561630249,0.7649846076965332,0,0,0
865,,0.9999991059303284,1,0.3887396454811096,0.7667079567909241,0,0,0
866,,0.9999992847442627,1,0.38707664608955383,0.767399251461029,0,0,0
867,,0.999999463558197,1,0.3868841528892517,0.7704362273216248,0,0,0
868,,0.9999991059303284,1,0.3851601183414459,0.7700775265693665,0,0,0
869,,0.9999992251396179,1,0.3861736059188843,0.7717114686965942,0,0,0
870,,0.9999991655349731,1,0.3861185908317566,0.7724557518959045,0,0,0
871,,0.9999992847442627,1,0.3858655095100403,0.7692806124687195,0,0,0
872,,0.9999994039535522,1,0.38667911291122437,0.7678766846656799,0,0,0
873,,0.9999993443489075,1,0.38609790802001953,0.7660280466079712,0,0,0
874,,0.9999991059303284,1,0.38578951358795166,0.7626304626464844,0,0,0
875,,0.9999992251396179,1,0.3836464583873749,0.7625424265861511,0,0,0
876,,0.9999994039535522,1,0.38352668285369873,0.760246753692627,0,0,0
877,,0.9999995231628418,1,0.38300129771232605,0.7592707276344299,0,0,0
878,,0.9999992251396179,1,0.3842962086200714,0.7568867206573486,0,0,0
879,,0.9999991655349731,1,0.38531652092933655,0.7587592601776123,0,0,0
880,,0.9999993443489075,1,0.384884774684906,0.7580203413963318,0,0,0
881,,0.9999993443489075,1,0.38228118419647217,0.7573264241218567,0,0,0
882,,0.9999992847442627,1,0.38183698058128357,0.7550567984580994,0,0,0
883,,0.999999463558197,1,0.3810681104660034,0.7531052827835083,0,0,0
884,,0.9999992847442627,1,0.3804089426994324,0.7495731711387634,0,0,0
885,,0.9999993443489075,1,0.37980368733406067,0.7486457824707031,0,0,0
886,,0.9999993443489075,1,0.3797237277030945,0.7493717074394226,0,0,0
887,,0.9999993443489075,1,0.38156139850616455,0.7491499185562134,0,0,0
888,,0.9999992251396179,1,0.3825651705265045,0.7490441203117371,0,0,0
889,,0.9999991655349731,1,0.38284289836883545,0.7488080263137817,0,0,0
890,,0.9272744655609131,1,0.38219180703163147,0.7488663792610168,0,0,0
891,,0.9999992251396179,1,0.38261109590530396,0.7494457960128784,0,0,0
892,,0.7709127068519592,1,0.3827783167362213,0.7486633658409119,0,0,0
893,,0.9999989867210388,1,0.38151615858078003,0.7458637952804565,0,0,0
894,,0.9999994039535522,1,0.38183990120887756,0.7454183101654053,0,0,0
895,,0.9999993443489075,1,0.3806569278240204,0.7416609525680542,0,0,0
896,,0.9939450025558472,1,0.3796868622303009,0.7405292987823486,0,0,0
897,,0.999999463558197,1,0.3799341022968292,0.7417990565299988,0,0,0
898,,0.9999992847442627,1,0.3804202675819397,0.744347870349884,0,0,0
899,,0.784185528755188,1,0.3813939094543457,0.7451898455619812,0,0,0
900,,0.9099331498146057,1,0.38084328174591064,0.7472794055938721,0,0,0
901,,0.9999992251396179,1,0.3821864128112793,0.748669445514679,0,0,0
902,,0.9999992251396179,1,0.3844805359840393,0.7467458844184875,0,0,0
903,,0.9999992847442627,1,0.3853512406349182,0.7473992705345154,0,0,0
904,,0.9999991655349731,1,0.38634830713272095,0.7470875978469849,0,0,0
905,,0.9448599219322205,1,0.3868304193019867,0.7466346621513367,0,0,0
906,,0.9999991655349731,1,0.3855223059654236,0.7478035688400269,0,0,0
907,,0.9999991655349731,1,0.38641059398651123,0.7513022422790527,0,0,0
908,,0.9999992847442627,1,0.3868754804134369,0.7504284977912903,0,0,0
909,,0.9999991655349731,1,0.38847389817237854,0.7486463189125061,0,0,0
910,,0.9999992251396179,1,0.38941267132759094,0.7486677169799805,0,0,0
911,,0.9999992847442627,1,0.3903522193431854,0.7470880150794983,0,0,0
912,,0.9999990463256836,1,0.390380859375,0.7485150694847107,0,0,0
913,,0.9999994039535522,1,0.38886046409606934,0.7486670613288879,0,0,0
914,,0.9999993443489075,1,0.3883990943431854,0.7478983998298645,0,0,0
915,,0.9999991059303284,1,0.3882315754890442,0.7491134405136108,0,0,0
916,,0.9111884832382202,1,0.3870733380317688,0.7497864365577698,0,0,0
917,,0.9999991655349731,1,0.3860003650188446,0.7521597743034363,0,0,0
918,,0.903404951095581,1,0.3854604661464691,0.752440869808197,0,0,0
919,,0.9267067313194275,1,0.3867338001728058,0.7515299916267395,0,0,0
920,,0.8391355276107788,1,0.38670769333839417,0.7514356970787048,0,0,0
921,,0.9999990463256836,1,0.38573920726776123,0.751315176486969,0,0,0
922,,0.9247786998748779,1,0.38375771045684814,0.7509220242500305,0,0,0
923,,0.9999992251396179,1,0.38419923186302185,0.749817430973053,0,0,0
924,,0.9999991655349731,1,0.385564386844635,0.7484579682350159,0,0,0
925,,0.8050031065940857,1,0.38598352670669556,0.7476405501365662,0,0,0
926,,0.917850911617279,1,0.38515496253967285,0.7470182776451111,0,0,0
927,,0.9999992847442627,1,0.38521909713745117,0.7441248297691345,0,0,0
928,,0.9999992251396179,1,0.38602158427238464,0.7429810166358948,0,0,0
929,,0.9999990463256836,1,0.38513892889022827,0.7431188225746155,0,0,0
930,,0.9999993443489075,1,0.384376585483551,0.7428690791130066,0,0,0
931,,0.9999993443489075,1,0.38311126828193665,0.7411440014839172,0,0,0
932,,0.8648965358734131,1,0.382912278175354,0.7401849031448364,0,0,0
933,,0.9999990463256836,1,0.3815111219882965,0.7399514317512512,0,0,0
934,,0.9999992251396179,1,0.3798372149467468,0.7375863790512085,0,0,0
935,,0.9999991655349731,1,0.3782956898212433,0.7360340356826782,0,0,0
936,,0.9999992251396179,1,0.37635669112205505,0.7400637865066528,0,0,0
937,,0.9999991655349731,1,0.37593111395835876,0.7424799799919128,0,0,0
938,,0.9999994039535522,1,0.3771367073059082,0.7423630952835083,0,0,0
939,,0.9999991059303284,1,0.37808722257614136,0.7426228523254395,0,0,0
940,,0.9370759129524231,1,0.37863683700561523,0.7417997717857361,0,0,0
941,,0.9999992251396179,1,0.3775591552257538,0.7438363432884216,0,0,0
942,,0.9999991059303284,1,0.3766860067844391,0.7434090375900269,0,0,0
943,,0.9110044836997986,1,0.37705355882644653,0.7429503202438354,0,0,0
944,,0.9593656063079834,1,0.3791469931602478,0.7420169115066528,0,0,0
945,,0.9999992847442627,1,0.38110312819480896,0.741461992263794,0,0,0
946,,0.9999991655349731,1,0.37978583574295044,0.7402125000953674,0,0,0
947,,0.9999991655349731,1,0.3786735236644745,0.7390503287315369,0,0,0
948,,0.9999993443489075,1,0.37974756956100464,0.739922821521759,0,0,0
949,,0.9999991059303284,1,0.3796546161174774,0.741039514541626,0,0,0
950,,0.999999463558197,1,0.3795655071735382,0.7413983345031738,0,0,0
951,,0.7593392133712769,1,0.3778754472732544,0.7412915229797363,0,0,0
952,,0.9999989867210388,1,0.37783393263816833,0.7396117448806763,0,0,0
953,,0.9999991655349731,1,0.37620896100997925,0.7395206093788147,0,0,0
954,,0.9999993443489075,1,0.37718212604522705,0.7398033142089844,0,0,0
955,,0.999999463558197,1,0.3769538402557373,0.7377642393112183,0,0,0
956,,0.9999991655349731,1,0.3764139413833618,0.7374305725097656,0,0,0
957,,0.9999993443489075,1,0.37790647149086,0.7355318665504456,0,0,0
958,,0.9999989867210388,1,0.37804117798805237,0.7345590591430664,0,0,0
959,,0.9999991655349731,1,0.37839195132255554,0.7351900935173035,0,0,0
960,,0.9999991059303284,1,0.3783538341522217,0.7358402609825134,0,0,0
961,,0.806584358215332,1,0.37855398654937744,0.7353273034095764,0,0,0
962,,0.9999991655349731,1,0.37844184041023254,0.731957197189331,0,0,0
963,,0.9793028235435486,1,0.37966641783714294,0.7294826507568359,0,0,0
964,,0.8099165558815002,1,0.37886056303977966,0.7297422885894775,0,0,0
965,,0.9999991059303284,1,0.37940603494644165,0.7302690744400024,0,0,0
966,,0.9999992847442627,1,0.37919390201568604,0.7294639945030212,0,0,0
967,,0.9999992251396179,1,0.3785114884376526,0.7289608716964722,0,0,0
968,,0.9999994039535522,1,0.3790852725505829,0.7281987071037292,0,0,0
969,,0.9999992251396179,1,0.37700673937797546,0.7295249700546265,0,0,0
970,,0.9999991655349731,1,0.37583035230636597,0.7271482348442078,0,0,0
971,,0.9999993443489075,1,0.37339505553245544,0.725739061832428,0,0,0
972,,0.7430626749992371,1,0.37373846769332886,0.7260944843292236,0,0,0
973,,0.9508514404296875,1,0.37441766262054443,0.7258691787719727,0,0,0
974,,0.9810982942581177,1,0.3740173280239105,0.7259362936019897,0,0,0
975,,0.9169256687164307,1,0.37501612305641174,0.7266288995742798,0,0,0
976,,0.9999991059303284,1,0.37413454055786133,0.7265588045120239,0,0,0
977,,0.9999991059303284,1,0.3748749792575836,0.7273447513580322,0,0,0
978,,0.9999991655349731,1,0.3763725161552429,0.7289649844169617,0,0,0
979,,0.9999992251396179,1,0.378261923789978,0.7271420359611511,0,0,0
980,,0.9999991059303284,1,0.3787866234779358,0.7267385721206665,0,0,0
981,,0.9999991655349731,1,0.3775506019592285,0.7266677021980286,0,0,0
982,,0.9999989867210388,1,0.3766569495201111,0.7247302532196045,0,0,0
983,,0.9999990463256836,1,0.37614595890045166,0.7239829301834106,0,0,0
984,,0.9999991655349731,1,0.3770391345024109,0.7239647507667542,0,0,0
985,,0.9999992847442627,1,0.3778902590274811,0.7239204049110413,0,0,0
986,,0.7835413813591003,1,0.3777065873146057,0.7232763767242432,0,0,0
987,,0.9999991059303284,1,0.37763476371765137,0.7239794135093689,0,0,0
988,,0.9543766975402832,1,0.37850815057754517,0.7237677574157715,0,0,0
989,,0.9999991655349731,1,0.3788214325904846,0.7257915139198303,0,0,0
990,,0.9999991655349731,1,0.377478688955307,0.7292980551719666,0,0,0
991,,0.9999992251396179,1,0.3774603605270386,0.7297772765159607,0,0,0
992,,0.9999992251396179,1,0.37688735127449036,0.7303908467292786,0,0,0
993,,0.9999992847442627,1,0.3775915801525116,0.7306843400001526,0,0,0
994,,0.9999992251396179,1,0.3770637512207031,0.7311004996299744,0,0,0
995,,0.9999992847442627,1,0.378467857837677,0.7295143604278564,0,0,0
996,,0.9999992847442627,1,0.37886011600494385,0.7285270690917969,0,0,0
997,,0.9999991655349731,1,0.37863171100616455,0.7269710898399353,0,0,0
998,,0.9999991655349731,1,0.38028132915496826,0.7283218502998352,0,0,0
999,,0.9999991655349731,1,0.3817065954208374,0.7300061583518982,0,0,0
1000,,0.9999992847442627,1,0.38326871395111084,0.7316781282424927,0,0,0
1001,,0.9999991655349731,1,0.3819238543510437,0.7342296242713928,0,0,0
1002,,0.9999989867210388,1,0.3844611942768097,0.7333224415779114,0,0,0
1003,,0.9999992847442627,1,0.3848341107368469,0.7353750467300415,0,0,0
1004,,0.9999991059303284,1,0.38636356592178345,0.7352733612060547,0,0,0
1005,,0.9999989867210388,1,0.38781219720840454,0.7338481545448303,0,0,0
1006,,0.9999992847442627,1,0.3888729214668274,0.732870876789093,0,0,0
1007,,0.9999993443489075,1,0.3888229727745056,0.7338663935661316,0,0,0
1008,,0.9999993443489075,1,0.3886033594608307,0.7354617714881897,0,0,0
1009,,0.9999992847442627,1,0.3883717656135559,0.7378355264663696,0,0,0
1010,,0.9999992847442627,1,0.38880765438079834,0.7351678609848022,0,0,0
1011,,0.9999992251396179,1,0.3896518349647522,0.7348732352256775,0,0,0
1012,,0.9999992847442627,1,0.3901617228984833,0.7343960404396057,0,0,0
1013,,0.9999993443489075,1,0.38952648639678955,0.7333718538284302,0,0,0
1014,,0.9999992847442627,1,0.3884493410587311,0.732286274433136,0,0,0
1015,,0.9999992251396179,1,0.38960617780685425,0.7333914041519165,0,0,0
1016,,0.7452070713043213,1,0.38980138301849365,0.7343353629112244,0,0,0
1017,,0.9999989867210388,1,0.3898921608924866,0.7342714667320251,0,0,0
1018,,0.9999991059303284,1,0.38977164030075073,0.7360142469406128,0,0,0
1019,,0.9999992251396179,1,0.3903161585330963,0.734904408454895,0,0,0
1020,,0.9999991655349731,1,0.38974830508232117,0.734902024269104,0,0,0
1021,,0.7904756665229797,1,0.38893336057662964,0.7341585755348206,0,0,0
1022,,0.9999991059303284,1,0.38720595836639404,0.733546793460846,0,0,0
1023,,0.9999991655349731,1,0.3851225972175598,0.7343757152557373,0,0,0
1024,,0.9999991059303284,1,0.3842461109161377,0.7338899970054626,0,0,0
1025,,0.9999994039535522,1,0.3843940794467926,0.7343717217445374,0,0,0
1026,,0.7304348349571228,1,0.3846498429775238,0.7350285649299622,0,0,0
1027,,0.9999990463256836,1,0.3837831914424896,0.7369661927223206,0,0,0
1028,,0.9999991059303284,1,0.38261228799819946,0.7364869117736816,0,0,0
1029,,0.9999992847442627,1,0.38170507550239563,0.7360418438911438,0,0,0
1030,,0.9999992251396179,1,0.38248294591903687,0.7372729778289795,0,0,0
1031,,0.9999993443489075,1,0.3833477199077606,0.7393841743469238,0,0,0
1032,,0.9999992251396179,1,0.3841373920440674,0.7382903695106506,0,0,0
1033,,0.9999992251396179,1,0.3829970359802246,0.739006757736206,0,0,0
1034,,0.9999990463256836,1,0.3820691406726837,0.7393611669540405,0,0,0
1035,,0.6676015257835388,1,0.3821934461593628,0.7380350232124329,0,0,0
1036,,0.9764032959938049,1,0.38276976346969604,0.7391533255577087,0,0,0
1037,,0.9999992847442627,1,0.3823467195034027,0.7420651316642761,0,0,0
1038,,0.7513094544410706,1,0.38305994868278503,0.7424501776695251,0,0,0
1039,,0.9474835395812988,1,0.38359513878822327,0.7412910461425781,0,0,0
1040,,0.9999991059303284,1,0.3839627504348755,0.7384772300720215,0,0,0
1041,,0.9999990463256836,1,0.38258492946624756,0.7366434931755066,0,0,0
1042,,0.9999991655349731,1,0.38131457567214966,0.7353530526161194,0,0,0
1043,,0.9999994039535522,1,0.3802435100078583,0.7353715896606445,0,0,0
1044,,0.9999993443489075,1,0.3820081651210785,0.7340801358222961,0,0,0
1045,,0.9999992251396179,1,0.38360750675201416,0.7336132526397705,0,0,0
1046,,0.9756274223327637,1,0.38239914178848267,0.7330172657966614,0,0,0
1047,,0.9999994039535522,1,0.3826221525669098,0.7315788865089417,0,0,0
1048,,0.9999993443489075,1,0.3829737901687622,0.7315641641616821,0,0,0
1049,,0.9999991655349731,1,0.382181316614151,0.7308642864227295,0,0,0
1050,,0.9999992251396179,1,0.38248270750045776,0.7323623895645142,0,0,0
1051,,0.9999992251396179,1,0.3833068907260895,0.7344416379928589,0,0,0
1052,,0.9999991059303284,1,0.3848218619823456,0.7336379885673523,0,0,0
1053,,0.9999991655349731,1,0.3851752281188965,0.7322967052459717,0,0,0
1054,,0.8453314304351807,1,0.3846968710422516,0.7318819761276245,0,0,0
1055,,0.8706398606300354,1,0.38479676842689514,0.7314717769622803,0,0,0
1056,,0.9999991655349731,1,0.3854178488254547,0.7312597036361694,0,0,0
1057,,0.9999994039535522,1,0.3856174647808075,0.7342376112937927,0,0,0
1058,,0.9999992251396179,1,0.38643956184387207,0.7351269721984863,0,0,0
1059,,0.9999993443489075,1,0.38579195737838745,0.7371613383293152,0,0,0
1060,,0.9999991059303284,1,0.38573509454727173,0.7373746633529663,0,0,0
1061,,0.9999993443489075,1,0.38697299361228943,0.738923192024231,0,0,0
1062,,0.9999991059303284,1,0.3867582082748413,0.7380354404449463,0,0,0
1063,,0.999999463558197,1,0.38543984293937683,0.7375587821006775,0,0,0
1064,,0.9999991059303284,1,0.3846915662288666,0.7369519472122192,0,0,0
1065,,0.9999991059303284,1,0.3843020796775818,0.7352813482284546,0,0,0
1066,,0.9999992847442627,1,0.3835306465625763,0.7343453764915466,0,0,0
1067,,0.9999992251396179,1,0.3815961182117462,0.7347204089164734,0,0,0
1068,,0.9999992847442627,1,0.3806387782096863,0.733590304851532,0,0,0
1069,,0.9999992251396179,1,0.37952205538749695,0.7320002317428589,0,0,0
1070,,0.9999991059303284,1,0.38016417622566223,0.730676531791687,0,0,0
1071,,0.9999994039535522,1,0.3799501061439514,0.7304077744483948,0,0,0
1072,,0.9999994039535522,1,0.3798169791698456,0.7303094863891602,0,0,0
1073,,0.9999993443489075,1,0.38191160559654236,0.7315965294837952,0,0,0
1074,,0.9999992251396179,1,0.3823249936103821,0.7332748174667358,0,0,0
1075,,0.9999993443489075,1,0.3834869861602783,0.7312685251235962,0,0,0
1076,,0.9999991059303284,1,0.3838632106781006,0.7313860058784485,0,0,0
1077,,0.9999992847442627,1,0.38190940022468567,0.7314032316207886,0,0,0
1078,,0.9999991655349731,1,0.3803826868534088,0.7329205870628357,0,0,0
1079,,0.9999991655349731,1,0.38055655360221863,0.7326551675796509,0,0,0
1080,,0.9999991059303284,1,0.3830919861793518,0.7310057878494263,0,0,0
1081,,0.9203424453735352,1,0.3831769824028015,0.7308052182197571,0,0,0
1082,,0.9999991059303284,1,0.3830427825450897,0.7291797399520874,0,0,0
1083,,0.9999992847442627,1,0.3837498128414154,0.7295869588851929,0,0,0
1084,,0.9999989867210388,1,0.3845900595188141,0.7290436625480652,0,0,0
1085,,0.9999994039535522,1,0.38288769125938416,0.7291367053985596,0,0,0
1086,,0.9999990463256836,1,0.38369491696357727,0.7291626930236816,0,0,0
1087,,0.8869038820266724,1,0.3837711215019226,0.7288757562637329,0,0,0
1088,,0.9624062180519104,1,0.3834439814090729,0.7274071574211121,0,0,0
1089,,0.9999991655349731,1,0.3834899365901947,0.7292523980140686,0,0,0
1090,,0.8953824043273926,1,0.3842978775501251,0.730512797832489,0,0,0
1091,,0.9999992251396179,1,0.3853324353694916,0.7311052083969116,0,0,0
1092,,0.9999991059303284,1,0.38742899894714355,0.7322846055030823,0,0,0
1093,,0.9479879140853882,1,0.3879357576370239,0.7341031432151794,0,0,0
1094,,0.9999992251396179,1,0.38606563210487366,0.7369871735572815,0,0,0
1095,,0.737888514995575,1,0.38632747530937195,0.7377070784568787,0,0,0
1096,,0.9999991655349731,1,0.38673046231269836,0.7381502985954285,0,0,0
1097,,0.9999992847442627,1,0.3890167772769928,0.7382967472076416,0,0,0
1098,,0.9999991059303284,1,0.38986918330192566,0.7380079030990601,0,0,0
1099,,0.9999992251396179,1,0.3896990716457367,0.7362257838249207,0,0,0
1100,,0.9999994039535522,1,0.3876674175262451,0.7349607944488525,0,0,0
1101,,0.999998927116394,1,0.3877168297767639,0.7330653071403503,0,0,0
1102,,0.9999993443489075,1,0.3871914744377136,0.7328680157661438,0,0,0
1103,,0.999999463558197,1,0.3876149654388428,0.7360981702804565,0,0,0
1104,,0.9999993443489075,1,0.39004313945770264,0.7352766394615173,0,0,0
1105,,0.9999991655349731,1,0.3893018066883087,0.7380979657173157,0,0,0
1106,,0.9999992847442627,1,0.38826969265937805,0.7394077777862549,0,0,0
1107,,0.9999994039535522,1,0.38674381375312805,0.7361024618148804,0,0,0
1108,,0.9999994039535522,1,0.38855603337287903,0.7359983325004578,0,0,0
1109,,0.9999992847442627,1,0.38761430978775024,0.7372775673866272,0,0,0
1110,,0.9999992847442627,1,0.3874395787715912,0.7370061278343201,0,0,0
1111,,0.9999991059303284,1,0.38647574186325073,0.737655520439148,0,0,0
1112,,0.9999990463256836,1,0.38756993412971497,0.7371596097946167,0,0,0
1113,,0.9999991655349731,1,0.3857139050960541,0.734535276889801,0,0,0
1114,,0.9999994039535522,1,0.38411015272140503,0.7334867715835571,0,0,0
1115,,0.9999993443489075,1,0.3852944076061249,0.7322087287902832,0,0,0
1116,,0.9999991655349731,1,0.38436952233314514,0.7326291799545288,0,0,0
1117,,0.9999992251396179,1,0.3871472179889679,0.7310134172439575,0,0,0
1118,,0.9999991655349731,1,0.386722594499588,0.7261828184127808,0,0,0
1119,,0.9999991655349731,1,0.387045681476593,0.7261509895324707,0,0,0
1120,,0.9999993443489075,1,0.3854343295097351,0.7261908650398254,0,0,0
1121,,0.9999989867210388,1,0.38551393151283264,0.7268900275230408,0,0,0
1122,,0.9999992251396179,1,0.38487422466278076,0.7255504727363586,0,0,0
1123,,0.9999992847442627,1,0.38708651065826416,0.7248643636703491,0,0,0
1124,,0.9999991059303284,1,0.386228084564209,0.727044403553009,0,0,0
1125,,0.9999995231628418,1,0.3874097168445587,0.7257824540138245,0,0,0
1126,,0.9999992847442627,1,0.38763657212257385,0.7258509397506714,0,0,0
1127,,0.9999992251396179,1,0.3878166973590851,0.7286246418952942,0,0,0
1128,,0.999999463558197,1,0.3857209384441376,0.7255324125289917,0,0,0
1129,,0.9999992847442627,1,0.3861357569694519,0.7263384461402893,0,0,0
1130,,0.9999993443489075,1,0.38600394129753113,0.7261624932289124,0,0,0
1131,,0.9999991655349731,1,0.3864361345767975,0.7292240858078003,0,0,0
1132,,0.9999993443489075,1,0.3861125707626343,0.7296878099441528,0,0,0
1133,,0.9999991059303284,1,0.38818681240081787,0.7289120554924011,0,0,0
1134,,0.9999993443489075,1,0.3882109820842743,0.7316833734512329,0,0,0
1135,,0.9955065846443176,1,0.3892633616924286,0.730056881904602,0,0,0
1136,,0.9999993443489075,1,0.3889147937297821,0.7308352589607239,0,0,0
1137,,0.9999995827674866,1,0.38661670684814453,0.7270439863204956,0,0,0
1138,,0.9999992251396179,1,0.3869052231311798,0.7261022925376892,0,0,0
1139,,0.9999993443489075,1,0.3865136504173279,0.7256321907043457,0,0,0
1140,,0.6892094612121582,1,0.38640064001083374,0.726891040802002,0,0,0
1141,,0.9999990463256836,1,0.38578084111213684,0.7267545461654663,0,0,0
1142,,0.9999992847442627,1,0.3867887854576111,0.7257967591285706,0,0,0
1143,,0.9999991059303284,1,0.38989660143852234,0.7274362444877625,0,0,0
1144,,0.9999992251396179,1,0.39031344652175903,0.729214072227478,0,0,0
1145,,0.9999992847442627,1,0.38897842168807983,0.7263665795326233,0,0,0
1146,,0.9999993443489075,1,0.3887878358364105,0.7265104651451111,0,0,0
1147,,0.9999992251396179,1,0.38815391063690186,0.7266290187835693,0,0,0
1148,,0.9999990463256836,1,0.3893187940120697,0.7260839939117432,0,0,0
1149,,0.9999992251396179,1,0.39041367173194885,0.725955069065094,0,0,0
1150,,0.9999992251396179,1,0.3910362422466278,0.7267416715621948,0,0,0
1151,,0.728151261806488,1,0.3907410502433777,0.727592945098877,0,0,0
1152,,0.9615160226821899,1,0.3896232545375824,0.7282285094261169,0,0,0
1153,,0.9999991059303284,1,0.38865455985069275,0.7285298705101013,0,0,0
1154,,0.9999992847442627,1,0.39030033349990845,0.7272969484329224,0,0,0
1155,,0.9999991655349731,1,0.3870917856693268,0.7248551249504089,0,0,0
1156,,0.9999994039535522,1,0.3858780264854431,0.7228381633758545,0,0,0
1157,,0.9999992251396179,1,0.38664135336875916,0.7228354811668396,0,0,0
1158,,0.9999992847442627,1,0.3877878189086914,0.7243342995643616,0,0,0
1159,,0.9999993443489075,1,0.39041805267333984,0.7266543507575989,0,0,0
1160,,0.9999993443489075,1,0.3912010192871094,0.7241427302360535,0,0,0
1161,,0.9691189527511597,1,0.3922480344772339,0.7240258455276489,0,0,0
1162,,0.9999991655349731,1,0.3916037380695343,0.7249295711517334,0,0,0
1163,,0.9999992847442627,1,0.39192453026771545,0.7233695983886719,0,0,0
1164,,0.9999992251396179,1,0.39193394780158997,0.7248436212539673,0,0,0
1165,,0.9999991655349731,1,0.39292800426483154,0.723937451839447,0,0,0
1166,,0.9999991655349731,1,0.39205402135849,0.7216656804084778,0,0,0
1167,,0.9999994039535522,1,0.39312198758125305,0.722919762134552,0,0,0
1168,,0.9999991059303284,1,0.39429041743278503,0.723871648311615,0,0,0
1169,,0.9999990463256836,1,0.39573976397514343,0.7250549793243408,0,0,0
1170,,0.9999991655349731,1,0.39286649227142334,0.7267155647277832,0,0,0
1171,,0.8047685027122498,1,0.39119672775268555,0.7287906408309937,0,0,0
1172,,0.9999991059303284,1,0.38980767130851746,0.729404866695404,0,0,0
1173,,0.8003448247909546,1,0.38931581377983093,0.7296535968780518,0,0,0
1174,,0.9326856732368469,1,0.3894767165184021,0.7292147874832153,0,0,0
1175,,0.9999991655349731,1,0.3881106376647949,0.7297629117965698,0,0,0
1176,,0.9999991059303284,1,0.3868202567100525,0.731799304485321,0,0,0
1177,,0.9999991059303284,1,0.3875255882740021,0.7309644818305969,0,0,0
1178,,0.8835249543190002,1,0.38635727763175964,0.7302253246307373,0,0,0
1179,,0.9999991655349731,1,0.3855646550655365,0.7291519641876221,0,0,0
1180,,0.9999992847442627,1,0.3859843313694,0.7280998826026917,0,0,0
1181,,0.9999992251396179,1,0.38573241233825684,0.726372480392456,0,0,0
1182,,0.875865638256073,1,0.3847767412662506,0.7253832817077637,0,0,0
1183,,0.9999991655349731,1,0.3833196759223938,0.7247959971427917,0,0,0
1184,,0.8889001607894897,1,0.3830956518650055,0.7240645289421082,0,0,0
1185,,0.9999991059303284,1,0.3835720717906952,0.7240366339683533,0,0,0
1186,,0.8575211763381958,1,0.3835131525993347,0.7235356569290161,0,0,0
1187,,0.9836865663528442,1,0.38354066014289856,0.7236011624336243,0,0,0
1188,,0.9999991059303284,1,0.38307851552963257,0.7220496535301208,0,0,0
1189,,0.9999992251396179,1,0.3854331374168396,0.7225955724716187,0,0,0
1190,,0.7989124655723572,1,0.38563522696495056,0.7240340113639832,0,0,0
1191,,0.9216858744621277,1,0.38564226031303406,0.7242668271064758,0,0,0
1192,,0.9999989867210388,1,0.38513457775115967,0.7250286936759949,0,0,0
1193,,0.9096980690956116,1,0.3851391077041626,0.7253278493881226,0,0,0
1194,,0.9999991059303284,1,0.3842960000038147,0.7246022820472717,0,0,0
1195,,0.9999992251396179,1,0.3837311267852783,0.724862277507782,0,0,0
1196,,0.9999992847442627,1,0.3836301565170288,0.7259199619293213,0,0,0
1197,,0.8452190160751343,1,0.3842565715312958,0.7261858582496643,0,0,0
1198,,0.9999990463256836,1,0.38291609287261963,0.7263953685760498,0,0,0
1199,,0.8136593103408813,1,0.38239771127700806,0.7263393402099609,0,0,0
1200,,0.985302209854126,1,0.3823060989379883,0.7262467741966248,0,0,0
1201,,0.9999993443489075,1,0.38170522451400757,0.7284473776817322,0,0,0
1202,,0.8418588042259216,1,0.3820120394229889,0.7296605110168457,0,0,0
1203,,0.9999991655349731,1,0.38005271553993225,0.7289993166923523,0,0,0
1204,,0.9999992251396179,1,0.37966516613960266,0.7309837937355042,0,0,0
1205,,0.9999992847442627,1,0.38053739070892334,0.7327695488929749,0,0,0
1206,,0.9999992847442627,1,0.3806757926940918,0.7308861613273621,0,0,0
1207,,0.9999992251396179,1,0.37820005416870117,0.7331817746162415,0,0,0
1208,,0.9999992847442627,1,0.3773933947086334,0.7332580089569092,0,0,0
1209,,0.9999990463256836,1,0.3780256509780884,0.733115017414093,0,0,0
1210,,0.9999991059303284,1,0.3788825571537018,0.7335468530654907,0,0,0
1211,,0.9999993443489075,1,0.3776558041572571,0.7313199639320374,0,0,0
1212,,0.9999992251396179,1,0.3772469460964203,0.7318637371063232,0,0,0
1213,,0.9999991655349731,1,0.37884843349456787,0.7317131757736206,0,0,0
1214,,0.9999990463256836,1,0.377536416053772,0.7331336736679077,0,0,0
1215,,0.8074110746383667,1,0.37556689977645874,0.7334088087081909,0,0,0
1216,,0.9363829493522644,1,0.37397950887680054,0.7310170531272888,0,0,0
1217,,0.9999992251396179,1,0.37311872839927673,0.730833113193512,0,0,0
1218,,0.9999991655349731,1,0.37237799167633057,0.7324635982513428,0,0,0
1219,,0.9999992251396179,1,0.3716887831687927,0.7305396795272827,0,0,0
1220,,0.9999992847442627,1,0.3704754114151001,0.7316021919250488,0,0,0
1221,,0.999999463558197,1,0.36861908435821533,0.7330048084259033,0,0,0
1222,,0.9999992847442627,1,0.3688288927078247,0.731863796710968,0,0,0
1223,,0.9999993443489075,1,0.36855706572532654,0.7326447367668152,0,0,0
1224,,0.999999463558197,1,0.36907750368118286,0.7313272356987,0,0,0
1225,,0.9999993443489075,1,0.3669217526912689,0.7304275035858154,0,0,0
1226,,0.9999991059303284,1,0.365553081035614,0.7299513220787048,0,0,0
1227,,0.9999994039535522,1,0.3660764992237091,0.730769157409668,0,0,0
1228,,0.9999994039535522,1,0.3663904368877411,0.7287170886993408,0,0,0
1229,,0.9999992847442627,1,0.3655455708503723,0.727910041809082,0,0,0
1230,,0.9244188666343689,1,0.3665996789932251,0.7289333939552307,0,0,0
1231,,0.9999992847442627,1,0.3678598403930664,0.7302224636077881,0,0,0
1232,,0.9999993443489075,1,0.3677671253681183,0.7288886308670044,0,0,0
1233,,0.9999992847442627,1,0.36764001846313477,0.7282705903053284,0,0,0
1234,,0.9999993443489075,1,0.36823269724845886,0.7266232371330261,0,0,0
1235,,0.9999992251396179,1,0.36793872714042664,0.7265406250953674,0,0,0
1236,,0.9999991655349731,1,0.3686290681362152,0.7268999814987183,0,0,0
1237,,0.9955595135688782,1,0.36865612864494324,0.7255861759185791,0,0,0
1238,,0.9999991655349731,1,0.3684988021850586,0.7221214175224304,0,0,0
1239,,0.9999994039535522,1,0.3670696020126343,0.7218513488769531,0,0,0
1240,,0.9999993443489075,1,0.3650943338871002,0.7226532697677612,0,0,0
1241,,0.9999992251396179,1,0.363639771938324,0.7228786945343018,0,0,0
1242,,0.9999992847442627,1,0.3633398413658142,0.7211635112762451,0,0,0
1243,,0.9999991655349731,1,0.36419767141342163,0.7207677960395813,0,0,0
1244,,0.9999992847442627,1,0.3647814691066742,0.7200144529342651,0,0,0
1245,,0.9718541502952576,1,0.3642639219760895,0.7204158306121826,0,0,0
1246,,0.9999992847442627,1,0.364397794008255,0.7220376133918762,0,0,0
1247,,0.9999992847442627,1,0.36497053503990173,0.7213044762611389,0,0,0
1248,,0.9999992251396179,1,0.36616992950439453,0.7224471569061279,0,0,0
1249,,0.9999991059303284,1,0.36565539240837097,0.7216925621032715,0,0,0
1250,,0.9999991655349731,1,0.3674439787864685,0.7206770777702332,0,0,0
1251,,0.9999991655349731,1,0.36832839250564575,0.7187778949737549,0,0,0
1252,,0.9999992847442627,1,0.3701256215572357,0.7200093269348145,0,0,0
1253,,0.9570001363754272,1,0.36899107694625854,0.7200087904930115,0,0,0
1254,,0.9999991655349731,1,0.37024760246276855,0.7178672552108765,0,0,0
1255,,0.9999992847442627,1,0.36884939670562744,0.7186250686645508,0,0,0
1256,,0.9999992847442627,1,0.37005719542503357,0.7191705107688904,0,0,0
1257,,0.9079760909080505,1,0.37034276127815247,0.7209920287132263,0,0,0
1258,,0.9999994039535522,1,0.37117934226989746,0.7198779582977295,0,0,0
1259,,0.999999463558197,1,0.3719021677970886,0.7183275818824768,0,0,0
1260,,0.9999991655349731,1,0.36867547035217285,0.7184957265853882,0,0,0
1261,,0.9999995827674866,1,0.36769840121269226,0.7188403606414795,0,0,0
1262,,0.9999991059303284,1,0.36722731590270996,0.7175162434577942,0,0,0
1263,,0.9999992251396179,1,0.36753684282302856,0.7191258668899536,0,0,0
1264,,0.9999992847442627,1,0.3690204620361328,0.7182116508483887,0,0,0
1265,,0.9999994039535522,1,0.36744043231010437,0.7187772989273071,0,0,0
1266,,0.9999994039535522,1,0.36710426211357117,0.7187660932540894,0,0,0
1267,,0.9999992847442627,1,0.3672651946544647,0.7195965647697449,0,0,0
1268,,0.9999992847442627,1,0.366585373878479,0.7215360999107361,0,0,0
1269,,0.9999995231628418,1,0.36660662293434143,0.7218502163887024,0,0,0
1270,,0.9999991059303284,1,0.3658040463924408,0.7224987745285034,0,0,0
1271,,0.9999993443489075,1,0.3669850528240204,0.722879946231842,0,0,0
1272,,0.999999463558197,1,0.36644574999809265,0.7229796648025513,0,0,0
1273,,0.999998927116394,1,0.36527159810066223,0.7230334877967834,0,0,0
1274,,0.9999992847442627,1,0.36522188782691956,0.7208007574081421,0,0,0
1275,,0.9999993443489075,1,0.3651425540447235,0.7213342785835266,0,0,0
1276,,0.9999991059303284,1,0.3661279082298279,0.7199493646621704,0,0,0
1277,,0.9999992847442627,1,0.3666105270385742,0.7215690016746521,0,0,0
1278,,0.9999992847442627,1,0.36658185720443726,0.7233113050460815,0,0,0
1279,,0.9999992251396179,1,0.36651909351348877,0.7221192121505737,0,0,0
1280,,0.9986116290092468,1,0.3688168227672577,0.7251684665679932,0,0,0
1281,,0.9999992847442627,1,0.37025517225265503,0.7254551649093628,0,0,0
1282,,0.8135554790496826,1,0.3705671429634094,0.7238462567329407,0,0,0
1283,,0.9999991655349731,1,0.3697187900543213,0.7238682508468628,0,0,0
1284,,0.9999992251396179,1,0.36911243200302124,0.7223691940307617,0,0,0
1285,,0.9999990463256836,1,0.3682122528553009,0.7236930131912231,0,0,0
1286,,0.8855894804000854,1,0.36765405535697937,0.7230660915374756,0,0,0
1287,,0.9999991059303284,1,0.36806637048721313,0.7250300049781799,0,0,0
1288,,0.9999991655349731,1,0.36804255843162537,0.7273125052452087,0,0,0
1289,,0.9999992251396179,1,0.3672644793987274,0.7295032739639282,0,0,0
1290,,0.9622090458869934,1,0.36734211444854736,0.7294738292694092,0,0,0
1291,,0.9999991655349731,1,0.3664959669113159,0.727719247341156,0,0,0
1292,,0.9999992251396179,1,0.36636075377464294,0.7290290594100952,0,0,0
1293,,0.9999994039535522,1,0.3666113615036011,0.7286142110824585,0,0,0
1294,,0.8485023379325867,1,0.3667792081832886,0.728480875492096,0,0,0
1295,,0.9999992847442627,1,0.3683081567287445,0.7294576168060303,0,0,0
1296,,0.9999993443489075,1,0.3675723969936371,0.7289943099021912,0,0,0
1297,,0.9999992847442627,1,0.365943968296051,0.7323134541511536,0,0,0
1298,,0.9999994039535522,1,0.36627817153930664,0.73269122838974,0,0,0
1299,,0.9999989867210388,1,0.36673039197921753,0.7325839996337891,0,0,0
1300,,0.7291187047958374,1,0.3678852915763855,0.7334393858909607,0,0,0
1301,,0.9999991059303284,1,0.3694103956222534,0.7331680655479431,0,0,0
1302,,0.962138831615448,1,0.37003040313720703,0.7333952188491821,0,0,0
1303,,0.9999993443489075,1,0.368359237909317,0.7323986887931824,0,0,0
1304,,0.7495719790458679,1,0.36878249049186707,0.7318614721298218,0,0,0
1305,,0.8399009704589844,1,0.3699892461299896,0.7324712872505188,0,0,0
1306,,0.9999991655349731,1,0.370500773191452,0.7348379492759705,0,0,0
1307,,0.9999993443489075,1,0.3701690435409546,0.7370954155921936,0,0,0
1308,,0.9999993443489075,1,0.37055879831314087,0.7375441789627075,0,0,0
1309,,0.9999991655349731,1,0.37148284912109375,0.7367607951164246,0,0,0
1310,,0.9999992847442627,1,0.37213900685310364,0.7381531000137329,0,0,0
1311,,0.999999463558197,1,0.3690411448478699,0.7385335564613342,0,0,0
1312,,0.9999992251396179,1,0.3679988980293274,0.738843560218811,0,0,0
1313,,0.9999992251396179,1,0.3666393756866455,0.7370917797088623,0,0,0
1314,,0.9999992847442627,1,0.36825233697891235,0.735910952091217,0,0,0
1315,,0.8760075569152832,1,0.36705806851387024,0.7341287732124329,0,0,0
1316,,0.8129372000694275,1,0.3669569194316864,0.7324568629264832,0,0,0
1317,,0.9385868906974792,1,0.36727529764175415,0.7316412925720215,0,0,0
1318,,0.9999993443489075,1,0.3668595850467682,0.7305365800857544,0,0,0
1319,,0.8773717284202576,1,0.3676159977912903,0.7289787530899048,0,0,0
1320,,0.831624448299408,1,0.3679053783416748,0.7285928726196289,0,0,0
1321,,0.9460917115211487,1,0.3683147728443146,0.727958619594574,0,0,0
1322,,0.9999990463256836,1,0.3693843483924866,0.7266044020652771,0,0,0
1323,,0.9999991059303284,1,0.37001219391822815,0.7247009873390198,0,0,0
1324,,0.9999992251396179,1,0.3704303205013275,0.7238994240760803,0,0,0
1325,,0.9999991059303284,1,0.37096932530403137,0.7216881513595581,0,0,0
1326,,0.9999992847442627,1,0.37174665927886963,0.7224853038787842,0,0,0
1327,,0.9506616592407227,1,0.3721059560775757,0.7225329875946045,0,0,0
1328,,0.9999992251396179,1,0.37263497710227966,0.7237274646759033,0,0,0
1329,,0.9999992251396179,1,0.37197715044021606,0.7237839102745056,0,0,0
1330,,0.9999992251396179,1,0.3729056715965271,0.7215536236763,0,0,0
1331,,0.8744593262672424,1,0.37178653478622437,0.7210504412651062,0,0,0
1332,,0.9999991059303284,1,0.37178006768226624,0.7200318574905396,0,0,0
1333,,0.9999992847442627,1,0.3698081970214844,0.7193230390548706,0,0,0
1334,,0.9999991059303284,1,0.36982956528663635,0.7192956805229187,0,0,0
1335,,0.9999991655349731,1,0.37036800384521484,0.7185288071632385,0,0,0
1336,,0.9999991655349731,1,0.36952218413352966,0.7192030549049377,0,0,0
1337,,0.9999993443489075,1,0.36949437856674194,0.721592903137207,0,0,0
1338,,0.9999992251396179,1,0.36914771795272827,0.7224755883216858,0,0,0
1339,,0.9999991655349731,1,0.3688849210739136,0.7204063534736633,0,0,0
1340,,0.9999992847442627,1,0.3686813712120056,0.7200475931167603,0,0,0
1341,,0.9999994039535522,1,0.36797282099723816,0.7218493819236755,0,0,0
1342,,0.8438919186592102,1,0.3702353239059448,0.721773624420166,0,0,0
1343,,0.9999991655349731,1,0.3710736036300659,0.7211956977844238,0,0,0
1344,,0.9999992847442627,1,0.37331297993659973,0.7198761701583862,0,0,0
1345,,0.9999992847442627,1,0.37379172444343567,0.7233918905258179,0,0,0
1346,,0.9999991655349731,1,0.3721310794353485,0.7219139933586121,0,0,0
1347,,0.9999993443489075,1,0.3726853132247925,0.7213190793991089,0,0,0
1348,,0.9999990463256836,1,0.37208762764930725,0.7214981317520142,0,0,0
1349,,0.9999992251396179,1,0.37130483984947205,0.7242912650108337,0,0,0
1350,,0.8508849740028381,1,0.3707233667373657,0.7258376479148865,0,0,0
1351,,0.9999992847442627,1,0.37132301926612854,0.7263003587722778,0,0,0
1352,,0.96844881772995,1,0.3696695566177368,0.7249410152435303,0,0,0
1353,,0.9999992251396179,1,0.36987096071243286,0.7241318821907043,0,0,0
1354,,0.9999994039535522,1,0.36873647570610046,0.7233178615570068,0,0,0
1355,,0.9999993443489075,1,0.3688181936740875,0.7223406434059143,0,0,0
1356,,0.9999992847442627,1,0.3694789409637451,0.7200583815574646,0,0,0
1357,,0.9999991059303284,1,0.36929434537887573,0.7172980904579163,0,0,0
1358,,0.9999995231628418,1,0.36722567677497864,0.7136697769165039,0,0,0
1359,,0.9999992847442627,1,0.366767555475235,0.7088479399681091,0,0,0
1360,,0.9999993443489075,1,0.3666570484638214,0.708757758140564,0,0,0
1361,,0.9999992847442627,1,0.366716593503952,0.7084900736808777,0,0,0
1362,,0.9999991059303284,1,0.3655763864517212,0.7084785103797913,0,0,0
1363,,0.9999993443489075,1,0.3639267385005951,0.7052929997444153,0,0,0
1364,,0.9999992847442627,1,0.3644362688064575,0.7027708292007446,0,0,0
1365,,0.9999991059303284,1,0.36443760991096497,0.7035099864006042,0,0,0
1366,,0.9999993443489075,1,0.36424991488456726,0.7038812637329102,0,0,0
1367,,0.9999992847442627,1,0.36539289355278015,0.7021077275276184,0,0,0
1368,,0.9999992251396179,1,0.36512356996536255,0.7053614854812622,0,0,0
1369,,0.9531278014183044,1,0.36531418561935425,0.7066144943237305,0,0,0
1370,,0.9999993443489075,1,0.36471322178840637,0.7081918716430664,0,0,0
1371,,0.9943475723266602,1,0.3645351529121399,0.7097309827804565,0,0,0
1372,,0.9999991059303284,1,0.3653891384601593,0.7119625210762024,0,0,0
1373,,0.9999994039535522,1,0.3647715449333191,0.7110320925712585,0,0,0
1374,,0.9999994039535522,1,0.3662172555923462,0.712489902973175,0,0,0
1375,,0.9999993443489075,1,0.3661225140094757,0.7128794193267822,0,0,0
1376,,0.9999992847442627,1,0.36594128608703613,0.7150694727897644,0,0,0
1377,,0.9999992251396179,1,0.3686082661151886,0.7161427736282349,0,0,0
1378,,0.9999991059303284,1,0.3676474392414093,0.7171196341514587,0,0,0
1379,,0.9999992847442627,1,0.3654017150402069,0.7167466878890991,0,0,0
1380,,0.9999992847442627,1,0.36618971824645996,0.714605450630188,0,0,0
1381,,0.9999992847442627,1,0.3662576377391815,0.7117645144462585,0,0,0
1382,,0.9999992847442627,1,0.36539706587791443,0.7119256258010864,0,0,0
1383,,0.9999992847442627,1,0.3647151589393616,0.711493968963623,0,0,0
1384,,0.9999991059303284,1,0.3645153045654297,0.7116905450820923,0,0,0
1385,,0.9999991655349731,1,0.3629477322101593,0.709388256072998,0,0,0
1386,,0.9999995231628418,1,0.3608519434928894,0.7089732885360718,0,0,0
1387,,0.9999991655349731,1,0.3609713017940521,0.7083632946014404,0,0,0
1388,,0.9999992847442627,1,0.3607194125652313,0.7072978019714355,0,0,0
1389,,0.9999992251396179,1,0.3598438799381256,0.7057364583015442,0,0,0
1390,,0.9055370688438416,1,0.3596673309803009,0.70538729429245,0,0,0
1391,,0.9835207462310791,1,0.3602050542831421,0.7044668793678284,0,0,0
1392,,0.6657091975212097,1,0.36058464646339417,0.7032672762870789,0,0,0
1393,,0.5807594060897827,1,0.3600254952907562,0.7046090364456177,0,0,0
1394,,0.9609345197677612,1,0.35860756039619446,0.7067229151725769,0,0,0
1395,,0.9999991655349731,1,0.3583749532699585,0.7098967432975769,0,0,0
1396,,0.8680819869041443,1,0.3582350015640259,0.7105688452720642,0,0,0
1397,,0.6675667762756348,1,0.3586406111717224,0.7122253179550171,0,0,0
1398,,0.8100164532661438,1,0.3592175543308258,0.7127683162689209,0,0,0
1399,,0.8928643465042114,1,0.35919466614723206,0.711647629737854,0,0,0
1400,,0.96686190366745,1,0.35889241099357605,0.7097611427307129,0,0,0
1401,,0.9188117384910583,1,0.35851946473121643,0.7093702554702759,0,0,0
1402,,0.7654321789741516,1,0.3581277132034302,0.7093991041183472,0,0,0
1403,,0.9999989867210388,1,0.35906749963760376,0.708187997341156,0,0,0
1404,,0.8673786520957947,1,0.36002954840660095,0.7077047228813171,0,0,0
1405,,0.999998927116394,1,0.36023956537246704,0.7089582085609436,0,0,0
1406,,0.994877278804779,1,0.3600967228412628,0.7097010016441345,0,0,0
1407,,0.8988837599754333,1,0.3604504466056824,0.7096213102340698,0,0,0
1408,,0.9053106904029846,1,0.359925776720047,0.7096890807151794,0,0,0
1409,,0.9089522957801819,1,0.3594595789909363,0.7096250653266907,0,0,0
1410,,0.9999991059303284,1,0.3596469461917877,0.7109313011169434,0,0,0
1411,,0.9999994039535522,1,0.3603772819042206,0.712648332118988,0,0,0
1412,,0.999999463558197,1,0.36052849888801575,0.7139058113098145,0,0,0
1413,,0.9999991655349731,1,0.35971322655677795,0.7118387222290039,0,0,0
1414,,0.8065173029899597,1,0.3585718274116516,0.7121784687042236,0,0,0
1415,,0.866233766078949,1,0.3587898313999176,0.7117324471473694,0,0,0
1416,,0.9999990463256836,1,0.3576667308807373,0.7116566896438599,0,0,0
1417,,0.9999992251396179,1,0.3561095893383026,0.7121944427490234,0,0,0
1418,,0.9999992847442627,1,0.3577038645744324,0.7133434414863586,0,0,0
1419,,0.9999992847442627,1,0.3560739755630493,0.7150443196296692,0,0,0
1420,,0.9999991059303284,1,0.3555589020252228,0.715878963470459,0,0,0
1421,,0.9999992251396179,1,0.3561297655105591,0.7150855660438538,0,0,0
1422,,0.9960102438926697,1,0.35725119709968567,0.7143521308898926,0,0,0
1423,,0.9999991655349731,1,0.3581407070159912,0.7147038578987122,0,0,0
1424,,0.9013239145278931,1,0.3577538728713989,0.7155067324638367,0,0,0
1425,,0.9999991655349731,1,0.3577272891998291,0.713495135307312,0,0,0
1426,,0.9999991059303284,1,0.3588726818561554,0.7122652530670166,0,0,0
1427,,0.9999994039535522,1,0.35853371024131775,0.7107809782028198,0,0,0
1428,,0.9999991059303284,1,0.35876885056495667,0.7063263058662415,0,0,0
1429,,0.999999463558197,1,0.3562827706336975,0.7050924897193909,0,0,0
1430,,0.9999992251396179,1,0.3543946146965027,0.7042476534843445,0,0,0
1431,,0.9999993443489075,1,0.35447224974632263,0.7058656811714172,0,0,0
1432,,0.9999992251396179,1,0.3555518686771393,0.704451858997345,0,0,0
1433,,0.9999991655349731,1,0.35609591007232666,0.7028276324272156,0,0,0
1434,,0.9999991059303284,1,0.35824331641197205,0.7038369178771973,0,0,0
1435,,0.9999993443489075,1,0.35674259066581726,0.70313560962677,0,0,0
1436,,0.9912430047988892,1,0.35686543583869934,0.7030864357948303,0,0,0
1437,,0.8359104990959167,1,0.3559502065181732,0.7029022574424744,0,0,0
1438,,0.9999992251396179,1,0.3565642833709717,0.7014467120170593,0,0,0
1439,,0.9701625108718872,1,0.3563842177391052,0.6991003751754761,0,0,0
1440,,0.983752965927124,1,0.35595574975013733,0.6985769271850586,0,0,0
1441,,0.9999991655349731,1,0.35588812828063965,0.6989481449127197,0,0,0
1442,,0.960953414440155,1,0.35543569922447205,0.6990631222724915,0,0,0
1443,,0.9999991059303284,1,0.35602036118507385,0.6989911794662476,0,0,0
1444,,0.9999990463256836,1,0.35636240243911743,0.6993317604064941,0,0,0
1445,,0.9999990463256836,1,0.3556652069091797,0.6990718841552734,0,0,0
1446,,0.9999993443489075,1,0.3560899496078491,0.6974590420722961,0,0,0
1447,,0.9809837937355042,1,0.3574269413948059,0.6972870230674744,0,0,0
1448,,0.9999992251396179,1,0.35703760385513306,0.6971539855003357,0,0,0
1449,,0.9324452877044678,1,0.3568638563156128,0.6967567801475525,0,0,0
1450,,0.9999992251396179,1,0.3585515320301056,0.6962352991104126,0,0,0
1451,,0.9999991655349731,1,0.3590932786464691,0.6958214640617371,0,0,0
1452,,0.7412829995155334,1,0.35896730422973633,0.6953221559524536,0,0,0
1453,,0.9999992251396179,1,0.358009934425354,0.6930992007255554,0,0,0
1454,,0.9999992847442627,1,0.35865557193756104,0.6937015056610107,0,0,0
1455,,0.9999992847442627,1,0.3590323328971863,0.6948674321174622,0,0,0
1456,,0.999999463558197,1,0.35965630412101746,0.6955156922340393,0,0,0
1457,,0.9999992847442627,1,0.3613138496875763,0.6975756883621216,0,0,0
1458,,0.9629027843475342,1,0.3619154095649719,0.6987550854682922,0,0,0
1459,,0.9999992251396179,1,0.36197134852409363,0.7012696266174316,0,0,0
1460,,0.9999991655349731,1,0.36266839504241943,0.7039996981620789,0,0,0
1461,,0.9999994039535522,1,0.3626578450202942,0.7038601636886597,0,0,0
1462,,0.9999993443489075,1,0.3615609109401703,0.7032822966575623,0,0,0
1463,,0.9837679862976074,1,0.3610486388206482,0.7024481296539307,0,0,0
1464,,0.8424608707427979,1,0.36101335287094116,0.7021215558052063,0,0,0
1465,,0.9190043807029724,1,0.36139899492263794,0.701176643371582,0,0,0
1466,,0.9514615535736084,1,0.3619418442249298,0.7006758451461792,0,0,0
1467,,0.9481860995292664,1,0.3623349070549011,0.6997829079627991,0,0,0
1468,,0.9999993443489075,1,0.36338910460472107,0.6988628506660461,0,0,0
1469,,0.9999992251396179,1,0.36241212487220764,0.697065532207489,0,0,0
1470,,0.9999991655349731,1,0.3621521294116974,0.6969047784805298,0,0,0
1471,,0.8990722298622131,1,0.36146658658981323,0.6966978907585144,0,0,0
1472,,0.7744520306587219,1,0.36096858978271484,0.6954706907272339,0,0,0
1473,,0.7738755941390991,1,0.3607061207294464,0.695392906665802,0,0,0
1474,,0.9999991059303284,1,0.360451877117157,0.6940345168113708,0,0,0
1475,,0.9128485321998596,1,0.36048194766044617,0.6932224631309509,0,0,0
1476,,0.9004595875740051,1,0.3605235815048218,0.6934095621109009,0,0,0
1477,,0.884186863899231,1,0.3596934676170349,0.693461000919342,0,0,0
1478,,0.9999991655349731,1,0.35976529121398926,0.6933670043945312,0,0,0
1479,,0.9857144951820374,1,0.359810471534729,0.6932566165924072,0,0,0
1480,,0.9999991655349731,1,0.35953909158706665,0.6930840015411377,0,0,0
1481,,0.9999989867210388,1,0.35904380679130554,0.6928808093070984,0,0,0
1482,,0.9999990463256836,1,0.3586340844631195,0.6929321885108948,0,0,0
1483,,0.8209073543548584,1,0.35864487290382385,0.69195157289505,0,0,0
1484,,0.9999990463256836,1,0.3587717115879059,0.690997838973999,0,0,0
1485,,0.9800342917442322,1,0.35884949564933777,0.6909076571464539,0,0,0
1486,,0.9999991655349731,1,0.359145849943161,0.6907634139060974,0,0,0
1487,,0.9999991059303284,1,0.3593083620071411,0.6907877326011658,0,0,0
1488,,0.983766496181488,1,0.35932740569114685,0.6908617615699768,0,0,0
1489,,0.999998927116394,1,0.3590119481086731,0.690876841545105,0,0,0
1490,,0.9999990463256836,1,0.3590031564235687,0.6906116604804993,0,0,0
1491,,0.9999990463256836,1,0.35891950130462646,0.6902599334716797,0,0,0
1492,,0.9999990463256836,1,0.358672171831131,0.690058171749115,0,0,0
1493,,0.9999992251396179,1,0.3585774898529053,0.6898480653762817,0,0,0
1494,,0.9999991059303284,1,0.3585769236087799,0.6895900368690491,0,0,0
1495,,0.9999992847442627,1,0.3583946228027344,0.6895614862442017,0,0,0
1496,,0.9999990463256836,1,0.35832467675209045,0.6895425915718079,0,0,0
1497,,0.9999989867210388,1,0.3581395149230957,0.6894601583480835,0,0,0
1498,,0.8604981303215027,1,0.35798677802085876,0.6894031763076782,0,0,0
1499,,0.9999992251396179,1,0.35778728127479553,0.6892974972724915,0,0,0
1500,,0.9999991655349731,1,0.35734373331069946,0.6890501976013184,0,0,0
1501,,0.9999991059303284,1,0.35704803466796875,0.6887906789779663,0,0,0
1502,,0.9999991655349731,1,0.35679367184638977,0.6885824203491211,0,0,0
1503,,0.9999990463256836,1,0.3562156558036804,0.6883733868598938,0,0,0
1504,,0.9999991655349731,1,0.35618478059768677,0.6886039972305298,0,0,0
1505,,0.9999989867210388,1,0.35600897669792175,0.6887085437774658,0,0,0
1506,,0.9999991655349731,1,0.35573115944862366,0.6885803937911987,0,0,0
1507,,0.9506205320358276,1,0.35565105080604553,0.6883743405342102,0,0,0
1508,,0.9999992251396179,1,0.3556917607784271,0.688433825969696,0,0,0
1509,,0.9999991059303284,1,0.35564863681793213,0.6882894039154053,0,0,0
1510,,0.9999991059303284,1,0.3553897440433502,0.6876794695854187,0,0,0
1511,,0.933925211429596,1,0.3552514910697937,0.6872584223747253,0,0,0
1512,,0.9999991059303284,1,0.3551780879497528,0.6871797442436218,0,0,0
1513,,0.842150866985321,1,0.35493847727775574,0.6873143315315247,0,0,0
1514,,0.9999991655349731,1,0.3545672297477722,0.6874855160713196,0,0,0
1515,,0.9999992251396179,1,0.35444018244743347,0.6874698400497437,0,0,0
1516,,0.94709712266922,1,0.3544010818004608,0.6875208020210266,0,0,0
1517,,0.9017017483711243,1,0.3542015850543976,0.6878473162651062,0,0,0
1518,,0.9568498134613037,1,0.3539329767227173,0.6879846453666687,0,0,0
1519,,0.9999991059303284,1,0.35383251309394836,0.6880146861076355,0,0,0
1520,,0.9999992847442627,1,0.35380417108535767,0.6879677772521973,0,0,0
1521,,0.9999991655349731,1,0.35373789072036743,0.6879590749740601,0,0,0
1522,,0.9999991655349731,1,0.35369691252708435,0.6881065368652344,0,0,0
1523,,0.9999991059303284,1,0.3538362979888916,0.6881057024002075,0,0,0
1524,,0.9999992847442627,1,0.3538650870323181,0.6880187392234802,0,0,0
1525,,0.9999991655349731,1,0.35380563139915466,0.6880525350570679,0,0,0
1526,,0.999999463558197,1,0.35372304916381836,0.6880322098731995,0,0,0
1527,,0.999999463558197,1,0.3536949157714844,0.6879851222038269,0,0,0
1528,,1.0,1,0.35376715660095215,0.6879563927650452,0,0,0
1529,,0.9999992251396179,1,0.35374531149864197,0.6879633665084839,0,0,0
1530,,0.9999997019767761,1,0.3536704182624817,0.6879609227180481,0,0,0
1531,,0.9999993443489075,1,0.35369592905044556,0.6880010366439819,0,0,0
1532,,0.9999992847442627,1,0.35370567440986633,0.6880660057067871,0,0,0
1533,,0.9999995827674866,1,0.3535781502723694,0.6880760788917542,0,0,0
1534,,0.9999999403953552,1,0.3536057770252228,0.6880776286125183,0,0,0
1535,,0.9999990463256836,1,0.3536280393600464,0.6880969405174255,0,0,0
1536,,0.9999990463256836,1,0.35356101393699646,0.6881747841835022,0,0,0
1537,,0.9999994039535522,1,0.3535425662994385,0.6881791949272156,0,0,0
1538,,0.9999992251396179,1,0.353566437959671,0.688185453414917,0,0,0
1539,,0.9999993443489075,1,0.3535443842411041,0.6882027387619019,0,0,0
1540,,0.9999998807907104,1,0.35352861881256104,0.6881909370422363,0,0,0
1541,,0.9999991059303284,1,0.3535402715206146,0.6881957650184631,0,0,0
1542,,0.9999994039535522,1,0.35351425409317017,0.6881778240203857,0,0,0
1543,,0.9999992251396179,1,0.35342758893966675,0.6881527900695801,0,0,0
1544,,0.9999997019767761,1,0.3533813953399658,0.6880946159362793,0,0,0
1545,,0.9845865368843079,1,0.35336393117904663,0.6881250739097595,0,0,0
1546,,0.9999998807907104,1,0.3533058762550354,0.6881994009017944,0,0,0
1547,,0.9999992847442627,1,0.35323038697242737,0.6882414817810059,0,0,0
1548,,0.9999990463256836,1,0.3531636595726013,0.6882140636444092,0,0,0
1549,,0.9999991655349731,1,0.3530895411968231,0.6881909370422363,0,0,0
1550,,0.9999991655349731,1,0.35306674242019653,0.6881899833679199,0,0,0
1551,,0.9999991059303284,1,0.3530677855014801,0.688206136226654,0,0,0
1552,,0.9999991059303284,1,0.3530440926551819,0.6882609128952026,0,0,0
1553,,0.9999994039535522,1,0.35304054617881775,0.6883456110954285,0,0,0
1554,,0.9999992251396179,1,0.352948933839798,0.6883400082588196,0,0,0
1555,,0.9999991059303284,1,0.3528495132923126,0.6883292198181152,0,0,0
1556,,0.9999992847442627,1,0.3528456687927246,0.6883114576339722,0,0,0
1557,,0.9999997615814209,1,0.3528766632080078,0.6881282329559326,0,0,0
1558,,0.9999994039535522,1,0.35305851697921753,0.6881717443466187,0,0,0
1559,,0.9999994039535522,1,0.35299745202064514,0.6881482005119324,0,0,0
1560,,0.9999991059303284,1,0.3528893291950226,0.6880452632904053,0,0,0
1561,,0.9999993443489075,1,0.35282954573631287,0.6878734230995178,0,0,0
1562,,0.9520308375358582,1,0.3527263402938843,0.687813401222229,0,0,0
1563,,0.9999989867210388,1,0.35269585251808167,0.6877830624580383,0,0,0
1564,,0.9999990463256836,1,0.3527356684207916,0.6876809000968933,0,0,0
1565,,0.9999990463256836,1,0.35269907116889954,0.6875513792037964,0,0,0
1566,,0.9999990463256836,1,0.3526557683944702,0.6874925494194031,0,0,0
1567,,0.9999991059303284,1,0.35266393423080444,0.6874408721923828,0,0,0
1568,,0.9999991655349731,1,0.352535218000412,0.6872754693031311,0,0,0
1569,,0.9999992251396179,1,0.35244548320770264,0.6872925758361816,0,0,0
1570,,0.9999995231628418,1,0.3524787127971649,0.6873977780342102,0,0,0
1571,,0.9999990463256836,1,0.35250818729400635,0.6874297857284546,0,0,0
1572,,0.9999989867210388,1,0.3524582087993622,0.6875008344650269,0,0,0
1573,,0.9999993443489075,1,0.3524307906627655,0.6875249743461609,0,0,0
1574,,0.9423518180847168,1,0.352413147687912,0.687544584274292,0,0,0
1575,,0.999999463558197,1,0.35243237018585205,0.6875054240226746,0,0,0
1576,,0.8352939486503601,1,0.3524174988269806,0.6874745488166809,0,0,0
1577,,0.8989394903182983,1,0.3523934483528137,0.6874833703041077,0,0,0
1578,,0.18780000507831573,1,0.3524850606918335,0.6875969171524048,0,0,0
1579,,0.15438038110733032,1,0.3526773154735565,0.6877830624580383,0,0,0
1580,,0.9999998807907104,1,0.3528319001197815,0.687929630279541,0,0,0
1581,,1.0000001192092896,1,0.35290592908859253,0.6880007982254028,0,0,0
1582,,0.0901736468076706,1,0.35311877727508545,0.6882081031799316,0,0,0
1583,,0.08869794011116028,1,0.35337018966674805,0.688452959060669,0,0,0
1584,,0.1001221314072609,1,0.3536941707134247,0.6887665390968323,0,0,0
1585,,0.09745987504720688,1,0.3540172874927521,0.6890788674354553,0,0,0
1586,,0.10597486048936844,1,0.35435062646865845,0.6894057989120483,0,0,0
1587,,0.34940364956855774,1,0.35466238856315613,0.6897115707397461,0,0,0
1588,,0.1406436413526535,1,0.35497602820396423,0.6900206804275513,0,0,0
1589,,1.0,1,0.3551160395145416,0.6901591420173645,0,0,0
1590,,1.0,1,0.3552982807159424,0.6903372406959534,0,0,0
1591,,0.16470128297805786,1,0.35551947355270386,0.6905542612075806,0,0,0
1592,,0.10389377921819687,1,0.35579895973205566,0.6908278465270996,0,0,0
1593,,1.0,1,0.3560344874858856,0.6910595297813416,0,0,0
1594,,0.12263927608728409,1,0.35628676414489746,0.6913072466850281,0,0,0
1595,,0.09440192580223083,1,0.35654422640800476,0.6915588974952698,0,0,0
1596,,0.08154495805501938,1,0.35683944821357727,0.6918478012084961,0,0,0
1597,,0.09085768461227417,1,0.3571409285068512,0.6921446323394775,0,0,0
1598,,0.09153147786855698,1,0.35743921995162964,0.6924402713775635,0,0,0
1599,,0.9999998211860657,1,0.3575853407382965,0.6925854086875916,0,0,0
1600,,0.35790494084358215,1,0.3577423095703125,0.6927394270896912,0,0,0
1601,,0.10047612339258194,1,0.35794466733932495,0.692937433719635,0,0,0
1602,,0.10612547397613525,1,0.35817578434944153,0.6931668519973755,0,0,0
1603,,0.13166005909442902,1,0.35845479369163513,0.6934451460838318,0,0,0
1604,,0.08336220681667328,1,0.3587408661842346,0.6937301754951477,0,0,0
1605,,0.08634401857852936,1,0.3590266704559326,0.6940140724182129,0,0,0
1606,,0.09441696852445602,1,0.35930031538009644,0.6942855715751648,0,0,0
1607,,0.10313104093074799,1,0.3595450818538666,0.6945273280143738,0,0,0
1608,,0.08899432420730591,1,0.35977181792259216,0.6947535872459412,0,0,0
1609,,0.09569476544857025,1,0.35999053716659546,0.6949734687805176,0,0,0
1610,,0.0,1,0.36009711027145386,0.695080578327179,0,0,0
1611,,0.0,1,0.36011016368865967,0.6950936317443848,0,0,0
1612,,0.0,1,0.3601125478744507,0.6950960159301758,0,0,0
1613,,0.0,1,0.36011311411857605,0.6950966119766235,0,0,0
1614,,0.0,1,0.3601135313510895,0.6950969696044922,0,0,0
1615,,0.0,1,0.3601139485836029,0.6950973868370056,0,0,0
1616,,0.0,1,0.36025577783584595,0.6952388882637024,0,0,0
1617,,0.17405617237091064,1,0.36042535305023193,0.6954069137573242,0,0,0
1618,,0.10165711492300034,1,0.3606977164745331,0.6956794261932373,0,0,0
1619,,0.37967994809150696,1,0.3609352111816406,0.6959201693534851,0,0,0
1620,,0.08393556624650955,1,0.3611641228199005,0.6961510181427002,0,0,0
1621,,0.10257511585950851,1,0.36141902208328247,0.696408212184906,0,0,0
1622,,0.9999993443489075,1,0.36163127422332764,0.696619987487793,0,0,0
1623,,0.9999998807907104,1,0.3617055118083954,0.6966934204101562,0,0,0
1624,,0.08644193410873413,1,0.36187776923179626,0.6968636512756348,0,0,0
1625,,0.09592192620038986,1,0.3621450960636139,0.6971292495727539,0,0,0
1626,,0.07999487966299057,1,0.36242011189460754,0.6974036693572998,0,0,0
1627,,0.1623019427061081,1,0.36268141865730286,0.6976625323295593,0,0,0
1628,,0.14922010898590088,1,0.36294320225715637,0.697921097278595,0,0,0
1629,,0.08413052558898926,1,0.36321088671684265,0.6981883645057678,0,0,0
1630,,0.09479322284460068,1,0.3634522557258606,0.6984302401542664,0,0,0
1631,,0.11561878025531769,1,0.36370232701301575,0.6986789703369141,0,0,0
1632,,1.0,1,0.3638194799423218,0.6987947821617126,0,0,0
1633,,0.08331098407506943,1,0.36397379636764526,0.6989479660987854,0,0,0
1634,,0.9999999403953552,1,0.3640981614589691,0.6990718841552734,0,0,0
1635,,0.11348390579223633,1,0.36414915323257446,0.6991225481033325,0,0,0
1636,,1.0000001192092896,1,0.3642404079437256,0.6992135047912598,0,0,0
1637,,0.09091071039438248,1,0.3643954396247864,0.699370265007019,0,0,0
1638,,0.08604296296834946,1,0.36463505029678345,0.6996139287948608,0,0,0
1639,,0.20196688175201416,1,0.36486902832984924,0.6998541951179504,0,0,0
1640,,0.9999992847442627,1,0.36508622765541077,0.7000765800476074,0,0,0
1641,,0.13376030325889587,1,0.36528196930885315,0.7002758383750916,0,0,0
1642,,1.0,1,0.3653829097747803,0.7003784775733948,0,0,0
1643,,1.0000001192092896,1,0.3653962314128876,0.7003921270370483,0,0,0
1644,,0.08458877354860306,1,0.3655402958393097,0.7005361318588257,0,0,0
1645,,0.08037299662828445,1,0.36579373478889465,0.7007868885993958,0,0,0
1646,,0.11760248988866806,1,0.3660562336444855,0.7010476589202881,0,0,0
1647,,0.5554810762405396,1,0.3662184178829193,0.7012099027633667,0,0,0
1648,,0.9999999403953552,1,0.36626285314559937,0.7012543678283691,0,0,0
1649,,1.0,1,0.3662709891796112,0.7012625336647034,0,0,0
1650,,0.1298840194940567,1,0.36640480160713196,0.7013971209526062,0,0,0
1651,,0.09265707433223724,1,0.3666060268878937,0.7015989422798157,0,0,0
1652,,0.12474200129508972,1,0.36671561002731323,0.7017086744308472,0,0,0
1653,,0.0,1,0.366759330034256,0.7017526030540466,0,0,0
1654,,0.0,1,0.3667646646499634,0.7017579674720764,0,0,0
1655,,0.0,1,0.3667653501033783,0.701758623123169,0,0,0
1656,,0.09847254306077957,1,0.3669024109840393,0.7018966674804688,0,0,0
1657,,1.0,1,0.36700430512428284,0.7019996643066406,0,0,0
1658,,0.0,1,0.3670259416103363,0.7020214796066284,0,0,0
1659,,0.0,1,0.3670285940170288,0.7020242214202881,0,0,0
1660,,0.0,1,0.36702895164489746,0.7020244598388672,0,0,0
1661,,0.0,1,0.3670292794704437,0.7020246982574463,0,0,0
1662,,0.0,1,0.36702960729599,0.7020249366760254,0,0,0
1663,,0.0,1,0.3670300245285034,0.7020252346992493,0,0,0
1664,,0.0,1,0.3670300245285034,0.7020252346992493,0,0,0
1665,,0.0,1,0.3670300245285034,0.7020252346992493,0,0,0
1666,,0.0,1,0.3670300245285034,0.7020252346992493,0,0,0
1667,,0.0,1,0.3670300245285034,0.7020252346992493,0,0,0
1668,,0.0,1,0.3670300245285034,0.7020252346992493,0,0,0
1669,,0.0,1,0.3670300245285034,0.7020252346992493,0,0,0
1670,,0.0,1,0.3670300245285034,0.7020252346992493,0,0,0
1671,,0.9999998211860657,1,0.3670467734336853,0.7020422220230103,0,0,0
